timeStamp,elapsed,label,responseCode,responseMessage,threadName,dataType,success,failureMessage,bytes,sentBytes,grpThreads,allThreads,URL,Latency,IdleTime,Connect
1780680677648,560,Get Users,200,OK,Load_Test 1-1,text,true,,3608,177,3,3,https://reqres.in/api/users?page=2,557,0,370
1780680677879,329,Get Users,200,OK,Load_Test 1-2,text,true,,3608,177,3,3,https://reqres.in/api/users?page=2,326,0,139
1780680678178,147,Get Users,200,OK,Load_Test 1-3,text,true,,3608,177,3,3,https://reqres.in/api/users?page=2,147,0,90
1780680678311,52,Get Users,200,OK,Load_Test 1-1,text,true,,3608,177,3,3,https://reqres.in/api/users?page=2,51,0,0
1780680678311,59,Get Users,200,OK,Load_Test 1-2,text,true,,3608,177,3,3,https://reqres.in/api/users?page=2,59,0,0
1780680678427,42,Get Users,200,OK,Load_Test 1-3,text,true,,3608,177,4,4,https://reqres.in/api/users?page=2,42,0,0
1780680678472,42,Get Users,200,OK,Load_Test 1-2,text,true,,3608,177,4,4,https://reqres.in/api/users?page=2,42,0,0
1780680678465,49,Get Users,200,OK,Load_Test 1-1,text,true,,3608,177,4,4,https://reqres.in/api/users?page=2,49,0,0
1780680678476,119,Get Users,200,OK,Load_Test 1-4,text,true,,3608,177,4,4,https://reqres.in/api/users?page=2,119,0,71
1780680678571,48,Get Users,200,OK,Load_Test 1-3,text,true,,3608,177,4,4,https://reqres.in/api/users?page=2,48,0,0
1780680678616,44,Get Users,200,OK,Load_Test 1-1,text,true,,3608,177,4,4,https://reqres.in/api/users?page=2,44,0,0
1780680678616,44,Get Users,200,OK,Load_Test 1-2,text,true,,3608,177,4,4,https://reqres.in/api/users?page=2,44,0,0
1780680678696,50,Get Users,200,OK,Load_Test 1-4,text,true,,3608,177,5,5,https://reqres.in/api/users?page=2,50,0,0
1780680678720,44,Get Users,200,OK,Load_Test 1-3,text,true,,3608,177,5,5,https://reqres.in/api/users?page=2,44,0,0
1780680678762,47,Get Users,200,OK,Load_Test 1-2,text,true,,3608,177,5,5,https://reqres.in/api/users?page=2,47,0,0
1780680678762,52,Get Users,200,OK,Load_Test 1-1,text,true,,3608,177,5,5,https://reqres.in/api/users?page=2,52,0,0
1780680678848,55,Get Users,200,OK,Load_Test 1-4,text,true,,3608,177,5,5,https://reqres.in/api/users?page=2,55,0,0
1780680678774,146,Get Users,200,OK,Load_Test 1-5,text,true,,3608,177,5,5,https://reqres.in/api/users?page=2,146,0,72
1780680678865,57,Get Users,200,OK,Load_Test 1-3,text,true,,3608,177,5,5,https://reqres.in/api/users?page=2,57,0,0
1780680678916,61,Get Users,200,OK,Load_Test 1-1,text,true,,3608,177,6,6,https://reqres.in/api/users?page=2,61,0,0
1780680678912,65,Get Users,200,OK,Load_Test 1-2,text,true,,3608,177,6,6,https://reqres.in/api/users?page=2,65,0,0
1780680679004,47,Get Users,200,OK,Load_Test 1-4,text,true,,3608,177,6,6,https://reqres.in/api/users?page=2,46,0,0
1780680679021,58,Get Users,200,OK,Load_Test 1-5,text,true,,3608,177,6,6,https://reqres.in/api/users?page=2,58,0,0
1780680679024,55,Get Users,200,OK,Load_Test 1-3,text,true,,3608,177,6,6,https://reqres.in/api/users?page=2,55,0,0
1780680679078,76,Get Users,200,OK,Load_Test 1-1,text,true,,3608,177,6,6,https://reqres.in/api/users?page=2,76,0,0
1780680679078,77,Get Users,200,OK,Load_Test 1-2,text,true,,3608,177,6,6,https://reqres.in/api/users?page=2,77,0,0
1780680679152,68,Get Users,200,OK,Load_Test 1-4,text,true,,3608,177,6,6,https://reqres.in/api/users?page=2,68,0,0
1780680679075,146,Get Users,200,OK,Load_Test 1-6,text,true,,3608,177,6,6,https://reqres.in/api/users?page=2,145,0,87
1780680679180,55,Get Users,200,OK,Load_Test 1-3,text,true,,3608,177,6,6,https://reqres.in/api/users?page=2,55,0,0
1780680679180,55,Get Users,200,OK,Load_Test 1-5,text,true,,3608,177,6,6,https://reqres.in/api/users?page=2,55,0,0
1780680679257,47,Get Users,200,OK,Load_Test 1-2,text,true,,3608,177,7,7,https://reqres.in/api/users?page=2,47,0,0
1780680679256,48,Get Users,200,OK,Load_Test 1-1,text,true,,3608,177,7,7,https://reqres.in/api/users?page=2,48,0,0
1780680679321,67,Get Users,200,OK,Load_Test 1-4,text,true,,3608,177,7,7,https://reqres.in/api/users?page=2,67,0,0
1780680679321,67,Get Users,200,OK,Load_Test 1-6,text,true,,3608,177,7,7,https://reqres.in/api/users?page=2,67,0,0
1780680679405,130,Get Users,200,OK,Load_Test 1-1,text,true,,3608,177,7,7,https://reqres.in/api/users?page=2,129,0,0
1780680679405,130,Get Users,200,OK,Load_Test 1-2,text,true,,3608,177,7,7,https://reqres.in/api/users?page=2,129,0,0
1780680679491,71,Get Users,200,OK,Load_Test 1-6,text,true,,3608,177,7,7,https://reqres.in/api/users?page=2,71,0,0
1780680679489,78,Get Users,200,OK,Load_Test 1-4,text,true,,3608,177,7,7,https://reqres.in/api/users?page=2,78,0,0
1780680679663,91,Get Users,200,OK,Load_Test 1-6,text,true,,3608,177,8,8,https://reqres.in/api/users?page=2,91,0,0
1780680679668,86,Get Users,200,OK,Load_Test 1-4,text,true,,3608,177,8,8,https://reqres.in/api/users?page=2,86,0,0
1780680679636,118,Get Users,200,OK,Load_Test 1-2,text,true,,3608,177,8,8,https://reqres.in/api/users?page=2,118,0,0
1780680679376,379,Get Users,200,OK,Load_Test 1-7,text,true,,3608,177,8,8,https://reqres.in/api/users?page=2,379,0,331
1780680679636,200,Get Users,200,OK,Load_Test 1-1,text,true,,3608,177,7,7,https://reqres.in/api/users?page=2,200,0,0
1780680679336,530,Get Users,200,OK,Load_Test 1-5,text,true,,3608,177,6,6,https://reqres.in/api/users?page=2,529,0,0
1780680679676,198,Get Users,200,OK,Load_Test 1-8,text,true,,3608,177,7,7,https://reqres.in/api/users?page=2,198,0,146
1780680679336,553,Get Users,200,OK,Load_Test 1-3,text,true,,3608,177,7,7,https://reqres.in/api/users?page=2,553,0,0
1780680679855,77,Get Users,200,OK,Load_Test 1-6,text,true,,3608,177,7,7,https://reqres.in/api/users?page=2,77,0,0
1780680679856,76,Get Users,200,OK,Load_Test 1-7,text,true,,3608,177,7,7,https://reqres.in/api/users?page=2,76,0,0
1780680679857,76,Get Users,200,OK,Load_Test 1-4,text,true,,3608,177,7,7,https://reqres.in/api/users?page=2,76,0,0
1780680679975,74,Get Users,200,OK,Load_Test 1-8,text,true,,3608,177,7,7,https://reqres.in/api/users?page=2,74,0,0
1780680679967,84,Get Users,200,OK,Load_Test 1-5,text,true,,3608,177,7,7,https://reqres.in/api/users?page=2,84,0,0
1780680679991,61,Get Users,200,OK,Load_Test 1-3,text,true,,3608,177,7,7,https://reqres.in/api/users?page=2,61,0,0
1780680680033,60,Get Users,200,OK,Load_Test 1-7,text,true,,3608,177,7,7,https://reqres.in/api/users?page=2,60,0,0
1780680680036,58,Get Users,200,OK,Load_Test 1-4,text,true,,3608,177,7,7,https://reqres.in/api/users?page=2,58,0,0
1780680680033,61,Get Users,200,OK,Load_Test 1-6,text,true,,3608,177,7,7,https://reqres.in/api/users?page=2,60,0,0
1780680679976,178,Get Users,200,OK,Load_Test 1-9,text,true,,3608,177,6,6,https://reqres.in/api/users?page=2,178,0,123
1780680680152,55,Get Users,200,OK,Load_Test 1-8,text,true,,3608,177,7,7,https://reqres.in/api/users?page=2,55,0,0
1780680680152,56,Get Users,200,OK,Load_Test 1-5,text,true,,3608,177,7,7,https://reqres.in/api/users?page=2,56,0,0
1780680680153,55,Get Users,200,OK,Load_Test 1-3,text,true,,3608,177,7,7,https://reqres.in/api/users?page=2,55,0,0
1780680680195,56,Get Users,200,OK,Load_Test 1-6,text,true,,3608,177,6,6,https://reqres.in/api/users?page=2,56,0,0
1780680680195,56,Get Users,200,OK,Load_Test 1-7,text,true,,3608,177,6,6,https://reqres.in/api/users?page=2,56,0,0
1780680680256,42,Get Users,200,OK,Load_Test 1-9,text,true,,3608,177,6,6,https://reqres.in/api/users?page=2,42,0,0
1780680680309,65,Get Users,200,OK,Load_Test 1-5,text,true,,3608,177,6,6,https://reqres.in/api/users?page=2,65,0,0
1780680680308,66,Get Users,200,OK,Load_Test 1-8,text,true,,3608,177,6,6,https://reqres.in/api/users?page=2,66,0,0
1780680680352,43,Get Users,200,OK,Load_Test 1-6,text,true,,3608,177,6,6,https://reqres.in/api/users?page=2,43,0,0
1780680680352,47,Get Users,200,OK,Load_Test 1-7,text,true,,3608,177,6,6,https://reqres.in/api/users?page=2,43,0,0
1780680680275,139,Get Users,200,OK,Load_Test 1-10,text,true,,3608,177,6,6,https://reqres.in/api/users?page=2,139,0,86
1780680680400,76,Get Users,200,OK,Load_Test 1-9,text,true,,3608,177,6,6,https://reqres.in/api/users?page=2,76,0,0
1780680680476,61,Get Users,200,OK,Load_Test 1-8,text,true,,3608,177,7,7,https://reqres.in/api/users?page=2,61,0,0
1780680680476,62,Get Users,200,OK,Load_Test 1-5,text,true,,3608,177,7,7,https://reqres.in/api/users?page=2,62,0,0
1780680680500,46,Get Users,200,OK,Load_Test 1-7,text,true,,3608,177,7,7,https://reqres.in/api/users?page=2,46,0,0
1780680680498,49,Get Users,200,OK,Load_Test 1-6,text,true,,3608,177,7,7,https://reqres.in/api/users?page=2,49,0,0
1780680680516,48,Get Users,200,OK,Load_Test 1-10,text,true,,3608,177,7,7,https://reqres.in/api/users?page=2,48,0,0
1780680680579,48,Get Users,200,OK,Load_Test 1-9,text,true,,3608,177,7,7,https://reqres.in/api/users?page=2,48,0,0
1780680680638,53,Get Users,200,OK,Load_Test 1-8,text,true,,3608,177,7,7,https://reqres.in/api/users?page=2,53,0,0
1780680680639,53,Get Users,200,OK,Load_Test 1-5,text,true,,3608,177,7,7,https://reqres.in/api/users?page=2,53,0,0
1780680680648,48,Get Users,200,OK,Load_Test 1-6,text,true,,3608,177,7,7,https://reqres.in/api/users?page=2,48,0,0
1780680680648,49,Get Users,200,OK,Load_Test 1-7,text,true,,3608,177,6,6,https://reqres.in/api/users?page=2,49,0,0
1780680680579,119,Get Users,200,OK,Load_Test 1-11,text,true,,3608,177,6,6,https://reqres.in/api/users?page=2,119,0,72
1780680680664,40,Get Users,200,OK,Load_Test 1-10,text,true,,3608,177,6,6,https://reqres.in/api/users?page=2,40,0,0
1780680680729,48,Get Users,200,OK,Load_Test 1-9,text,true,,3608,177,7,7,https://reqres.in/api/users?page=2,48,0,0
1780680680793,46,Get Users,200,OK,Load_Test 1-5,text,true,,3608,177,7,7,https://reqres.in/api/users?page=2,46,0,0
1780680680792,47,Get Users,200,OK,Load_Test 1-8,text,true,,3608,177,7,7,https://reqres.in/api/users?page=2,47,0,0
1780680680798,46,Get Users,200,OK,Load_Test 1-7,text,true,,3608,177,6,6,https://reqres.in/api/users?page=2,46,0,0
1780680680799,45,Get Users,200,OK,Load_Test 1-11,text,true,,3608,177,6,6,https://reqres.in/api/users?page=2,45,0,0
1780680680805,44,Get Users,200,OK,Load_Test 1-10,text,true,,3608,177,6,6,https://reqres.in/api/users?page=2,43,0,0
1780680680878,56,Get Users,200,OK,Load_Test 1-9,text,true,,3608,177,6,6,https://reqres.in/api/users?page=2,56,0,0
1780680680940,44,Get Users,200,OK,Load_Test 1-8,text,true,,3608,177,6,6,https://reqres.in/api/users?page=2,44,0,0
1780680680946,39,Get Users,200,OK,Load_Test 1-11,text,true,,3608,177,6,6,https://reqres.in/api/users?page=2,39,0,0
1780680680946,52,Get Users,200,OK,Load_Test 1-7,text,true,,3608,177,6,6,https://reqres.in/api/users?page=2,39,0,0
1780680680950,49,Get Users,200,OK,Load_Test 1-10,text,true,,3608,177,6,6,https://reqres.in/api/users?page=2,49,0,0
1780680680876,125,Get Users,200,OK,Load_Test 1-12,text,true,,3608,177,6,6,https://reqres.in/api/users?page=2,125,0,75
1780680681035,44,Get Users,200,OK,Load_Test 1-9,text,true,,3608,177,7,7,https://reqres.in/api/users?page=2,44,0,0
1780680681085,49,Get Users,200,OK,Load_Test 1-8,text,true,,3608,177,7,7,https://reqres.in/api/users?page=2,49,0,0
1780680681086,53,Get Users,200,OK,Load_Test 1-11,text,true,,3608,177,7,7,https://reqres.in/api/users?page=2,53,0,0
1780680681099,55,Get Users,200,OK,Load_Test 1-7,text,true,,3608,177,7,7,https://reqres.in/api/users?page=2,55,0,0
1780680681101,53,Get Users,200,OK,Load_Test 1-10,text,true,,3608,177,7,7,https://reqres.in/api/users?page=2,53,0,0
1780680681103,56,Get Users,200,OK,Load_Test 1-12,text,true,,3608,177,6,6,https://reqres.in/api/users?page=2,56,0,0
1780680681179,45,Get Users,200,OK,Load_Test 1-9,text,true,,3608,177,6,6,https://reqres.in/api/users?page=2,45,0,0
1780680681236,49,Get Users,200,OK,Load_Test 1-8,text,true,,3608,177,6,6,https://reqres.in/api/users?page=2,49,0,0
1780680681241,57,Get Users,200,OK,Load_Test 1-11,text,true,,3608,177,5,5,https://reqres.in/api/users?page=2,56,0,0
1780680681255,43,Get Users,200,OK,Load_Test 1-10,text,true,,3608,177,5,5,https://reqres.in/api/users?page=2,43,0,0
1780680681175,124,Get Users,200,OK,Load_Test 1-13,text,true,,3608,177,5,5,https://reqres.in/api/users?page=2,124,0,78
1780680681259,45,Get Users,200,OK,Load_Test 1-12,text,true,,3608,177,5,5,https://reqres.in/api/users?page=2,45,0,0
1780680681326,58,Get Users,200,OK,Load_Test 1-9,text,true,,3608,177,6,6,https://reqres.in/api/users?page=2,58,0,0
1780680681400,54,Get Users,200,OK,Load_Test 1-13,text,true,,3608,177,6,6,https://reqres.in/api/users?page=2,54,0,0
1780680681399,56,Get Users,200,OK,Load_Test 1-10,text,true,,3608,177,6,6,https://reqres.in/api/users?page=2,56,0,0
1780680681398,57,Get Users,200,OK,Load_Test 1-11,text,true,,3608,177,6,6,https://reqres.in/api/users?page=2,57,0,0
1780680681405,50,Get Users,200,OK,Load_Test 1-12,text,true,,3608,177,6,6,https://reqres.in/api/users?page=2,50,0,0
1780680681485,49,Get Users,200,OK,Load_Test 1-9,text,true,,3608,177,6,6,https://reqres.in/api/users?page=2,49,0,0
1780680681558,51,Get Users,200,OK,Load_Test 1-13,text,true,,3608,177,5,5,https://reqres.in/api/users?page=2,51,0,0
1780680681559,58,Get Users,200,OK,Load_Test 1-10,text,true,,3608,177,5,5,https://reqres.in/api/users?page=2,58,0,0
1780680681558,59,Get Users,200,OK,Load_Test 1-11,text,true,,3608,177,5,5,https://reqres.in/api/users?page=2,59,0,0
1780680681558,59,Get Users,200,OK,Load_Test 1-12,text,true,,3608,177,5,5,https://reqres.in/api/users?page=2,59,0,0
1780680681474,145,Get Users,200,OK,Load_Test 1-14,text,true,,3608,177,5,5,https://reqres.in/api/users?page=2,145,0,97
1780680681711,43,Get Users,200,OK,Load_Test 1-13,text,true,,3608,177,6,6,https://reqres.in/api/users?page=2,43,0,0
1780680681717,54,Get Users,200,OK,Load_Test 1-12,text,true,,3608,177,6,6,https://reqres.in/api/users?page=2,54,0,0
1780680681717,54,Get Users,200,OK,Load_Test 1-11,text,true,,3608,177,6,6,https://reqres.in/api/users?page=2,54,0,0
1780680681717,54,Get Users,200,OK,Load_Test 1-10,text,true,,3608,177,6,6,https://reqres.in/api/users?page=2,54,0,0
1780680681719,52,Get Users,200,OK,Load_Test 1-14,text,true,,3608,177,6,6,https://reqres.in/api/users?page=2,52,0,0
1780680681854,45,Get Users,200,OK,Load_Test 1-13,text,true,,3608,177,5,5,https://reqres.in/api/users?page=2,45,0,0
1780680681775,129,Get Users,200,OK,Load_Test 1-15,text,true,,3608,177,5,5,https://reqres.in/api/users?page=2,129,0,80
1780680681872,47,Get Users,200,OK,Load_Test 1-11,text,true,,3608,177,5,5,https://reqres.in/api/users?page=2,47,0,0
1780680681872,47,Get Users,200,OK,Load_Test 1-14,text,true,,3608,177,5,5,https://reqres.in/api/users?page=2,47,0,0
1780680681872,47,Get Users,200,OK,Load_Test 1-12,text,true,,3608,177,5,5,https://reqres.in/api/users?page=2,47,0,0
1780680682000,59,Get Users,200,OK,Load_Test 1-13,text,true,,3608,177,6,6,https://reqres.in/api/users?page=2,59,0,0
1780680682005,55,Get Users,200,OK,Load_Test 1-15,text,true,,3608,177,6,6,https://reqres.in/api/users?page=2,55,0,0
1780680682020,49,Get Users,200,OK,Load_Test 1-14,text,true,,3608,177,6,6,https://reqres.in/api/users?page=2,49,0,0
1780680682020,64,Get Users,200,OK,Load_Test 1-12,text,true,,3608,177,6,6,https://reqres.in/api/users?page=2,63,0,0
1780680682020,64,Get Users,200,OK,Load_Test 1-11,text,true,,3608,177,6,6,https://reqres.in/api/users?page=2,64,0,0
1780680682076,119,Get Users,200,OK,Load_Test 1-16,text,true,,3608,177,5,5,https://reqres.in/api/users?page=2,119,0,67
1780680682161,48,Get Users,200,OK,Load_Test 1-15,text,true,,3608,177,5,5,https://reqres.in/api/users?page=2,48,0,0
1780680682160,49,Get Users,200,OK,Load_Test 1-13,text,true,,3608,177,5,5,https://reqres.in/api/users?page=2,49,0,0
1780680682171,48,Get Users,200,OK,Load_Test 1-14,text,true,,3608,177,5,5,https://reqres.in/api/users?page=2,48,0,0
1780680682185,49,Get Users,200,OK,Load_Test 1-12,text,true,,3608,177,5,5,https://reqres.in/api/users?page=2,49,0,0
1780680682311,38,Get Users,200,OK,Load_Test 1-13,text,true,,3608,177,6,6,https://reqres.in/api/users?page=2,38,0,0
1780680682297,58,Get Users,200,OK,Load_Test 1-16,text,true,,3608,177,6,6,https://reqres.in/api/users?page=2,52,0,0
1780680682312,46,Get Users,200,OK,Load_Test 1-15,text,true,,3608,177,6,6,https://reqres.in/api/users?page=2,46,0,0
1780680682324,55,Get Users,200,OK,Load_Test 1-14,text,true,,3608,177,6,6,https://reqres.in/api/users?page=2,55,0,0
1780680682336,48,Get Users,200,OK,Load_Test 1-12,text,true,,3608,177,6,6,https://reqres.in/api/users?page=2,48,0,0
1780680682450,44,Get Users,200,OK,Load_Test 1-13,text,true,,3608,177,5,5,https://reqres.in/api/users?page=2,44,0,0
1780680682459,39,Get Users,200,OK,Load_Test 1-15,text,true,,3608,177,5,5,https://reqres.in/api/users?page=2,39,0,0
1780680682459,39,Get Users,200,OK,Load_Test 1-16,text,true,,3608,177,5,5,https://reqres.in/api/users?page=2,39,0,0
1780680682377,143,Get Users,200,OK,Load_Test 1-17,text,true,,3608,177,5,5,https://reqres.in/api/users?page=2,143,0,91
1780680682480,54,Get Users,200,OK,Load_Test 1-14,text,true,,3608,177,5,5,https://reqres.in/api/users?page=2,54,0,0
1780680682595,44,Get Users,200,OK,Load_Test 1-13,text,true,,3608,177,6,6,https://reqres.in/api/users?page=2,44,0,0
1780680682599,46,Get Users,200,OK,Load_Test 1-15,text,true,,3608,177,5,5,https://reqres.in/api/users?page=2,46,0,0
1780680682599,46,Get Users,200,OK,Load_Test 1-16,text,true,,3608,177,5,5,https://reqres.in/api/users?page=2,46,0,0
1780680682621,43,Get Users,200,OK,Load_Test 1-17,text,true,,3608,177,5,5,https://reqres.in/api/users?page=2,43,0,0
1780680682635,43,Get Users,200,OK,Load_Test 1-14,text,true,,3608,177,5,5,https://reqres.in/api/users?page=2,43,0,0
1780680682746,42,Get Users,200,OK,Load_Test 1-15,text,true,,3608,177,5,5,https://reqres.in/api/users?page=2,42,0,0
1780680682746,46,Get Users,200,OK,Load_Test 1-16,text,true,,3608,177,5,5,https://reqres.in/api/users?page=2,46,0,0
1780680682766,60,Get Users,200,OK,Load_Test 1-17,text,true,,3608,177,5,5,https://reqres.in/api/users?page=2,60,0,0
1780680682779,56,Get Users,200,OK,Load_Test 1-14,text,true,,3608,177,5,5,https://reqres.in/api/users?page=2,55,0,0
1780680682674,162,Get Users,200,OK,Load_Test 1-18,text,true,,3608,177,5,5,https://reqres.in/api/users?page=2,161,0,102
1780680682890,47,Get Users,200,OK,Load_Test 1-15,text,true,,3608,177,6,6,https://reqres.in/api/users?page=2,47,0,0
1780680682894,44,Get Users,200,OK,Load_Test 1-16,text,true,,3608,177,6,6,https://reqres.in/api/users?page=2,44,0,0
1780680682928,45,Get Users,200,OK,Load_Test 1-17,text,true,,3608,177,6,6,https://reqres.in/api/users?page=2,45,0,0
1780680682936,49,Get Users,200,OK,Load_Test 1-18,text,true,,3608,177,6,6,https://reqres.in/api/users?page=2,49,0,0
1780680682936,50,Get Users,200,OK,Load_Test 1-14,text,true,,3608,177,6,6,https://reqres.in/api/users?page=2,50,0,0
1780680682974,115,Get Users,200,OK,Load_Test 1-19,text,true,,3608,177,5,5,https://reqres.in/api/users?page=2,115,0,71
1780680683038,51,Get Users,200,OK,Load_Test 1-15,text,true,,3608,177,5,5,https://reqres.in/api/users?page=2,51,0,0
1780680683039,54,Get Users,200,OK,Load_Test 1-16,text,true,,3608,177,5,5,https://reqres.in/api/users?page=2,54,0,0
1780680683073,50,Get Users,200,OK,Load_Test 1-17,text,true,,3608,177,5,5,https://reqres.in/api/users?page=2,50,0,0
1780680683086,52,Get Users,200,OK,Load_Test 1-18,text,true,,3608,177,5,5,https://reqres.in/api/users?page=2,52,0,0
1780680683191,57,Get Users,200,OK,Load_Test 1-19,text,true,,3608,177,6,6,https://reqres.in/api/users?page=2,57,0,0
1780680683190,58,Get Users,200,OK,Load_Test 1-15,text,true,,3608,177,6,6,https://reqres.in/api/users?page=2,58,0,0
1780680683194,56,Get Users,200,OK,Load_Test 1-16,text,true,,3608,177,5,5,https://reqres.in/api/users?page=2,56,0,0
1780680683224,44,Get Users,200,OK,Load_Test 1-17,text,true,,3608,177,5,5,https://reqres.in/api/users?page=2,44,0,0
1780680683239,43,Get Users,200,OK,Load_Test 1-18,text,true,,3608,177,5,5,https://reqres.in/api/users?page=2,43,0,0
1780680683349,59,Get Users,200,OK,Load_Test 1-19,text,true,,3608,177,5,5,https://reqres.in/api/users?page=2,59,0,0
1780680683352,58,Get Users,200,OK,Load_Test 1-16,text,true,,3608,177,5,5,https://reqres.in/api/users?page=2,58,0,0
1780680683275,136,Get Users,200,OK,Load_Test 1-20,text,true,,3608,177,5,5,https://reqres.in/api/users?page=2,136,0,78
1780680683369,50,Get Users,200,OK,Load_Test 1-17,text,true,,3608,177,5,5,https://reqres.in/api/users?page=2,50,0,0
1780680683384,51,Get Users,200,OK,Load_Test 1-18,text,true,,3608,177,5,5,https://reqres.in/api/users?page=2,51,0,0
1780680683520,40,Get Users,200,OK,Load_Test 1-17,text,true,,3608,177,6,6,https://reqres.in/api/users?page=2,40,0,0
1780680683511,49,Get Users,200,OK,Load_Test 1-19,text,true,,3608,177,6,6,https://reqres.in/api/users?page=2,49,0,0
1780680683512,48,Get Users,200,OK,Load_Test 1-20,text,true,,3608,177,6,6,https://reqres.in/api/users?page=2,48,0,0
1780680683512,51,Get Users,200,OK,Load_Test 1-16,text,true,,3608,177,6,6,https://reqres.in/api/users?page=2,50,0,0
1780680683536,62,Get Users,200,OK,Load_Test 1-18,text,true,,3608,177,5,5,https://reqres.in/api/users?page=2,62,0,0
1780680683661,52,Get Users,200,OK,Load_Test 1-17,text,true,,3608,177,5,5,https://reqres.in/api/users?page=2,52,0,0
1780680683661,52,Get Users,200,OK,Load_Test 1-19,text,true,,3608,177,5,5,https://reqres.in/api/users?page=2,52,0,0
1780680683576,138,Get Users,200,OK,Load_Test 1-21,text,true,,3608,177,5,5,https://reqres.in/api/users?page=2,138,0,84
1780680683661,53,Get Users,200,OK,Load_Test 1-20,text,true,,3608,177,5,5,https://reqres.in/api/users?page=2,53,0,0
1780680683699,54,Get Users,200,OK,Load_Test 1-18,text,true,,3608,177,5,5,https://reqres.in/api/users?page=2,54,0,0
1780680683815,53,Get Users,200,OK,Load_Test 1-21,text,true,,3608,177,6,6,https://reqres.in/api/users?page=2,53,0,0
1780680683815,53,Get Users,200,OK,Load_Test 1-19,text,true,,3608,177,6,6,https://reqres.in/api/users?page=2,53,0,0
1780680683813,56,Get Users,200,OK,Load_Test 1-17,text,true,,3608,177,6,6,https://reqres.in/api/users?page=2,56,0,0
1780680683815,54,Get Users,200,OK,Load_Test 1-20,text,true,,3608,177,6,6,https://reqres.in/api/users?page=2,54,0,0
1780680683854,49,Get Users,200,OK,Load_Test 1-18,text,true,,3608,177,5,5,https://reqres.in/api/users?page=2,49,0,0
1780680683969,45,Get Users,200,OK,Load_Test 1-21,text,true,,3608,177,5,5,https://reqres.in/api/users?page=2,45,0,0
1780680683969,45,Get Users,200,OK,Load_Test 1-19,text,true,,3608,177,5,5,https://reqres.in/api/users?page=2,45,0,0
1780680683970,44,Get Users,200,OK,Load_Test 1-20,text,true,,3608,177,5,5,https://reqres.in/api/users?page=2,44,0,0
1780680683873,145,Get Users,200,OK,Load_Test 1-22,text,true,,3608,177,5,5,https://reqres.in/api/users?page=2,144,0,92
1780680684009,55,Get Users,200,OK,Load_Test 1-18,text,true,,3608,177,5,5,https://reqres.in/api/users?page=2,55,0,0
1780680684116,67,Get Users,200,OK,Load_Test 1-21,text,true,,3608,177,6,6,https://reqres.in/api/users?page=2,66,0,0
1780680684116,67,Get Users,200,OK,Load_Test 1-19,text,true,,3608,177,6,6,https://reqres.in/api/users?page=2,67,0,0
1780680684116,67,Get Users,200,OK,Load_Test 1-20,text,true,,3608,177,6,6,https://reqres.in/api/users?page=2,67,0,0
1780680684119,66,Get Users,200,OK,Load_Test 1-22,text,true,,3608,177,6,6,https://reqres.in/api/users?page=2,66,0,0
1780680684166,52,Get Users,200,OK,Load_Test 1-18,text,true,,3608,177,6,6,https://reqres.in/api/users?page=2,52,0,0
1780680684173,115,Get Users,200,OK,Load_Test 1-23,text,true,,3608,177,5,5,https://reqres.in/api/users?page=2,115,0,66
1780680684284,44,Get Users,200,OK,Load_Test 1-21,text,true,,3608,177,5,5,https://reqres.in/api/users?page=2,44,0,0
1780680684284,44,Get Users,200,OK,Load_Test 1-19,text,true,,3608,177,5,5,https://reqres.in/api/users?page=2,44,0,0
1780680684284,44,Get Users,200,OK,Load_Test 1-20,text,true,,3608,177,5,5,https://reqres.in/api/users?page=2,44,0,0
1780680684286,47,Get Users,200,OK,Load_Test 1-22,text,true,,3608,177,5,5,https://reqres.in/api/users?page=2,47,0,0
1780680684389,49,Get Users,200,OK,Load_Test 1-23,text,true,,3608,177,6,6,https://reqres.in/api/users?page=2,49,0,0
1780680684429,54,Get Users,200,OK,Load_Test 1-19,text,true,,3608,177,6,6,https://reqres.in/api/users?page=2,54,0,0
1780680684429,54,Get Users,200,OK,Load_Test 1-21,text,true,,3608,177,6,6,https://reqres.in/api/users?page=2,54,0,0
1780680684429,54,Get Users,200,OK,Load_Test 1-20,text,true,,3608,177,6,6,https://reqres.in/api/users?page=2,54,0,0
1780680684434,50,Get Users,200,OK,Load_Test 1-22,text,true,,3608,177,6,6,https://reqres.in/api/users?page=2,49,0,0
1780680684539,49,Get Users,200,OK,Load_Test 1-23,text,true,,3608,177,5,5,https://reqres.in/api/users?page=2,49,0,0
1780680684474,126,Get Users,200,OK,Load_Test 1-24,text,true,,3608,177,5,5,https://reqres.in/api/users?page=2,125,0,82
1780680684586,49,Get Users,200,OK,Load_Test 1-21,text,true,,3608,177,5,5,https://reqres.in/api/users?page=2,49,0,0
1780680684586,49,Get Users,200,OK,Load_Test 1-20,text,true,,3608,177,5,5,https://reqres.in/api/users?page=2,49,0,0
1780680684586,54,Get Users,200,OK,Load_Test 1-22,text,true,,3608,177,5,5,https://reqres.in/api/users?page=2,54,0,0
1780680684690,53,Get Users,200,OK,Load_Test 1-23,text,true,,3608,177,6,6,https://reqres.in/api/users?page=2,53,0,0
1780680684701,48,Get Users,200,OK,Load_Test 1-24,text,true,,3608,177,6,6,https://reqres.in/api/users?page=2,48,0,0
1780680684736,42,Get Users,200,OK,Load_Test 1-20,text,true,,3608,177,6,6,https://reqres.in/api/users?page=2,42,0,0
1780680684737,45,Get Users,200,OK,Load_Test 1-21,text,true,,3608,177,5,5,https://reqres.in/api/users?page=2,45,0,0
1780680684742,41,Get Users,200,OK,Load_Test 1-22,text,true,,3608,177,5,5,https://reqres.in/api/users?page=2,41,0,0
1780680684844,48,Get Users,200,OK,Load_Test 1-23,text,true,,3608,177,5,5,https://reqres.in/api/users?page=2,48,0,0
1780680684850,43,Get Users,200,OK,Load_Test 1-24,text,true,,3608,177,5,5,https://reqres.in/api/users?page=2,43,0,0
1780680684775,133,Get Users,200,OK,Load_Test 1-25,text,true,,3608,177,5,5,https://reqres.in/api/users?page=2,133,0,79
1780680684882,50,Get Users,200,OK,Load_Test 1-21,text,true,,3608,177,5,5,https://reqres.in/api/users?page=2,50,0,0
1780680684885,52,Get Users,200,OK,Load_Test 1-22,text,true,,3608,177,5,5,https://reqres.in/api/users?page=2,52,0,0
1780680684993,45,Get Users,200,OK,Load_Test 1-23,text,true,,3608,177,6,6,https://reqres.in/api/users?page=2,45,0,0
1780680684993,45,Get Users,200,OK,Load_Test 1-24,text,true,,3608,177,6,6,https://reqres.in/api/users?page=2,45,0,0
1780680685009,56,Get Users,200,OK,Load_Test 1-25,text,true,,3608,177,6,6,https://reqres.in/api/users?page=2,56,0,0
1780680685034,49,Get Users,200,OK,Load_Test 1-21,text,true,,3608,177,6,6,https://reqres.in/api/users?page=2,48,0,0
1780680685039,53,Get Users,200,OK,Load_Test 1-22,text,true,,3608,177,5,5,https://reqres.in/api/users?page=2,53,0,0
1780680685140,47,Get Users,200,OK,Load_Test 1-23,text,true,,3608,177,5,5,https://reqres.in/api/users?page=2,47,0,0
1780680685140,48,Get Users,200,OK,Load_Test 1-24,text,true,,3608,177,5,5,https://reqres.in/api/users?page=2,48,0,0
1780680685167,45,Get Users,200,OK,Load_Test 1-25,text,true,,3608,177,5,5,https://reqres.in/api/users?page=2,45,0,0
1780680685074,149,Get Users,200,OK,Load_Test 1-26,text,true,,3608,177,5,5,https://reqres.in/api/users?page=2,149,0,100
1780680685193,45,Get Users,200,OK,Load_Test 1-22,text,true,,3608,177,5,5,https://reqres.in/api/users?page=2,45,0,0
1780680685288,40,Get Users,200,OK,Load_Test 1-23,text,true,,3608,177,6,6,https://reqres.in/api/users?page=2,40,0,0
1780680685289,39,Get Users,200,OK,Load_Test 1-24,text,true,,3608,177,6,6,https://reqres.in/api/users?page=2,39,0,0
1780680685320,48,Get Users,200,OK,Load_Test 1-25,text,true,,3608,177,6,6,https://reqres.in/api/users?page=2,48,0,0
1780680685324,53,Get Users,200,OK,Load_Test 1-26,text,true,,3608,177,6,6,https://reqres.in/api/users?page=2,53,0,0
1780680685339,44,Get Users,200,OK,Load_Test 1-22,text,true,,3608,177,6,6,https://reqres.in/api/users?page=2,44,0,0
1780680685429,40,Get Users,200,OK,Load_Test 1-24,text,true,,3608,177,5,5,https://reqres.in/api/users?page=2,39,0,0
1780680685429,45,Get Users,200,OK,Load_Test 1-23,text,true,,3608,177,5,5,https://reqres.in/api/users?page=2,45,0,0
1780680685372,137,Get Users,200,OK,Load_Test 1-27,text,true,,3608,177,5,5,https://reqres.in/api/users?page=2,137,0,87
1780680685468,46,Get Users,200,OK,Load_Test 1-25,text,true,,3608,177,5,5,https://reqres.in/api/users?page=2,46,0,0
1780680685478,40,Get Users,200,OK,Load_Test 1-26,text,true,,3608,177,5,5,https://reqres.in/api/users?page=2,39,0,0
1780680685576,36,Get Users,200,OK,Load_Test 1-23,text,true,,3608,177,6,6,https://reqres.in/api/users?page=2,36,0,0
1780680685569,46,Get Users,200,OK,Load_Test 1-24,text,true,,3608,177,5,5,https://reqres.in/api/users?page=2,46,0,0
1780680685615,37,Get Users,200,OK,Load_Test 1-25,text,true,,3608,177,5,5,https://reqres.in/api/users?page=2,37,0,0
1780680685618,35,Get Users,200,OK,Load_Test 1-26,text,true,,3608,177,5,5,https://reqres.in/api/users?page=2,35,0,0
1780680685610,47,Get Users,200,OK,Load_Test 1-27,text,true,,3608,177,5,5,https://reqres.in/api/users?page=2,47,0,0
1780680685717,40,Get Users,200,OK,Load_Test 1-24,text,true,,3608,177,5,5,https://reqres.in/api/users?page=2,40,0,0
1780680685753,40,Get Users,200,OK,Load_Test 1-25,text,true,,3608,177,5,5,https://reqres.in/api/users?page=2,40,0,0
1780680685754,40,Get Users,200,OK,Load_Test 1-26,text,true,,3608,177,5,5,https://reqres.in/api/users?page=2,40,0,0
1780680685758,52,Get Users,200,OK,Load_Test 1-27,text,true,,3608,177,5,5,https://reqres.in/api/users?page=2,52,0,0
1780680685674,136,Get Users,200,OK,Load_Test 1-28,text,true,,3608,177,5,5,https://reqres.in/api/users?page=2,136,0,75
1780680685861,62,Get Users,200,OK,Load_Test 1-24,text,true,,3608,177,6,6,https://reqres.in/api/users?page=2,62,0,0
1780680685894,51,Get Users,200,OK,Load_Test 1-25,text,true,,3608,177,5,5,https://reqres.in/api/users?page=2,51,0,0
1780680685897,48,Get Users,200,OK,Load_Test 1-26,text,true,,3608,177,5,5,https://reqres.in/api/users?page=2,48,0,0
1780680685911,48,Get Users,200,OK,Load_Test 1-28,text,true,,3608,177,5,5,https://reqres.in/api/users?page=2,48,0,0
1780680685911,52,Get Users,200,OK,Load_Test 1-27,text,true,,3608,177,5,5,https://reqres.in/api/users?page=2,52,0,0
1780680686047,46,Get Users,200,OK,Load_Test 1-25,text,true,,3608,177,5,5,https://reqres.in/api/users?page=2,45,0,0
1780680685974,119,Get Users,200,OK,Load_Test 1-29,text,true,,3608,177,5,5,https://reqres.in/api/users?page=2,119,0,81
1780680686047,47,Get Users,200,OK,Load_Test 1-26,text,true,,3608,177,5,5,https://reqres.in/api/users?page=2,47,0,0
1780680686060,43,Get Users,200,OK,Load_Test 1-28,text,true,,3608,177,5,5,https://reqres.in/api/users?page=2,43,0,0
1780680686064,51,Get Users,200,OK,Load_Test 1-27,text,true,,3608,177,5,5,https://reqres.in/api/users?page=2,51,0,0
1780680686194,69,Get Users,200,OK,Load_Test 1-29,text,true,,3608,177,6,6,https://reqres.in/api/users?page=2,69,0,0
1780680686204,59,Get Users,200,OK,Load_Test 1-28,text,true,,3608,177,6,6,https://reqres.in/api/users?page=2,59,0,0
1780680686194,69,Get Users,200,OK,Load_Test 1-25,text,true,,3608,177,6,6,https://reqres.in/api/users?page=2,69,0,0
1780680686196,67,Get Users,200,OK,Load_Test 1-26,text,true,,3608,177,6,6,https://reqres.in/api/users?page=2,67,0,0
1780680686216,47,Get Users,200,OK,Load_Test 1-27,text,true,,3608,177,6,6,https://reqres.in/api/users?page=2,47,0,0
1780680686275,113,Get Users,200,OK,Load_Test 1-30,text,true,,3608,177,5,5,https://reqres.in/api/users?page=2,113,0,69
1780680686366,47,Get Users,200,OK,Load_Test 1-29,text,true,,3608,177,5,5,https://reqres.in/api/users?page=2,47,0,0
1780680686366,47,Get Users,200,OK,Load_Test 1-26,text,true,,3608,177,5,5,https://reqres.in/api/users?page=2,47,0,0
1780680686366,47,Get Users,200,OK,Load_Test 1-28,text,true,,3608,177,5,5,https://reqres.in/api/users?page=2,47,0,0
1780680686366,51,Get Users,200,OK,Load_Test 1-27,text,true,,3608,177,5,5,https://reqres.in/api/users?page=2,51,0,0
1780680686489,49,Get Users,200,OK,Load_Test 1-30,text,true,,3608,177,6,6,https://reqres.in/api/users?page=2,49,0,0
1780680686513,60,Get Users,200,OK,Load_Test 1-29,text,true,,3608,177,6,6,https://reqres.in/api/users?page=2,60,0,0
1780680686518,56,Get Users,200,OK,Load_Test 1-27,text,true,,3608,177,6,6,https://reqres.in/api/users?page=2,56,0,0
1780680686515,59,Get Users,200,OK,Load_Test 1-28,text,true,,3608,177,6,6,https://reqres.in/api/users?page=2,59,0,0
1780680686513,61,Get Users,200,OK,Load_Test 1-26,text,true,,3608,177,6,6,https://reqres.in/api/users?page=2,61,0,0
1780680686640,47,Get Users,200,OK,Load_Test 1-30,text,true,,3608,177,5,5,https://reqres.in/api/users?page=2,47,0,0
1780680686573,125,Get Users,200,OK,Load_Test 1-31,text,true,,3608,177,5,5,https://reqres.in/api/users?page=2,125,0,76
1780680686674,44,Get Users,200,OK,Load_Test 1-29,text,true,,3608,177,5,5,https://reqres.in/api/users?page=2,44,0,0
1780680686675,43,Get Users,200,OK,Load_Test 1-28,text,true,,3608,177,5,5,https://reqres.in/api/users?page=2,43,0,0
1780680686675,58,Get Users,200,OK,Load_Test 1-27,text,true,,3608,177,5,5,https://reqres.in/api/users?page=2,58,0,0
1780680686788,59,Get Users,200,OK,Load_Test 1-30,text,true,,3608,177,6,6,https://reqres.in/api/users?page=2,58,0,0
1780680686799,51,Get Users,200,OK,Load_Test 1-31,text,true,,3608,177,6,6,https://reqres.in/api/users?page=2,51,0,0
1780680686819,43,Get Users,200,OK,Load_Test 1-28,text,true,,3608,177,6,6,https://reqres.in/api/users?page=2,43,0,0
1780680686819,46,Get Users,200,OK,Load_Test 1-29,text,true,,3608,177,6,6,https://reqres.in/api/users?page=2,46,0,0
1780680686834,59,Get Users,200,OK,Load_Test 1-27,text,true,,3608,177,6,6,https://reqres.in/api/users?page=2,59,0,0
1780680686952,41,Get Users,200,OK,Load_Test 1-31,text,true,,3608,177,5,5,https://reqres.in/api/users?page=2,41,0,0
1780680686948,45,Get Users,200,OK,Load_Test 1-30,text,true,,3608,177,5,5,https://reqres.in/api/users?page=2,45,0,0
1780680686872,121,Get Users,200,OK,Load_Test 1-32,text,true,,3608,177,5,5,https://reqres.in/api/users?page=2,121,0,82
1780680686966,43,Get Users,200,OK,Load_Test 1-29,text,true,,3608,177,5,5,https://reqres.in/api/users?page=2,43,0,0
1780680686963,62,Get Users,200,OK,Load_Test 1-28,text,true,,3608,177,5,5,https://reqres.in/api/users?page=2,62,0,0
1780680687098,44,Get Users,200,OK,Load_Test 1-32,text,true,,3608,177,6,6,https://reqres.in/api/users?page=2,43,0,0
1780680687098,44,Get Users,200,OK,Load_Test 1-30,text,true,,3608,177,6,6,https://reqres.in/api/users?page=2,44,0,0
1780680687098,44,Get Users,200,OK,Load_Test 1-31,text,true,,3608,177,6,6,https://reqres.in/api/users?page=2,44,0,0
1780680687110,37,Get Users,200,OK,Load_Test 1-29,text,true,,3608,177,6,6,https://reqres.in/api/users?page=2,37,0,0
1780680687126,42,Get Users,200,OK,Load_Test 1-28,text,true,,3608,177,6,6,https://reqres.in/api/users?page=2,42,0,0
1780680687243,54,Get Users,200,OK,Load_Test 1-32,text,true,,3608,177,5,5,https://reqres.in/api/users?page=2,50,0,0
1780680687243,55,Get Users,200,OK,Load_Test 1-30,text,true,,3608,177,5,5,https://reqres.in/api/users?page=2,55,0,0
1780680687248,50,Get Users,200,OK,Load_Test 1-29,text,true,,3608,177,5,5,https://reqres.in/api/users?page=2,50,0,0
1780680687243,55,Get Users,200,OK,Load_Test 1-31,text,true,,3608,177,5,5,https://reqres.in/api/users?page=2,55,0,0
1780680687175,138,Get Users,200,OK,Load_Test 1-33,text,true,,3608,177,5,5,https://reqres.in/api/users?page=2,138,0,79
1780680687407,36,Get Users,200,OK,Load_Test 1-29,text,true,,3608,177,6,6,https://reqres.in/api/users?page=2,36,0,0
1780680687407,36,Get Users,200,OK,Load_Test 1-32,text,true,,3608,177,6,6,https://reqres.in/api/users?page=2,36,0,0
1780680687399,44,Get Users,200,OK,Load_Test 1-31,text,true,,3608,177,6,6,https://reqres.in/api/users?page=2,44,0,0
1780680687406,37,Get Users,200,OK,Load_Test 1-30,text,true,,3608,177,6,6,https://reqres.in/api/users?page=2,37,0,0
1780680687415,46,Get Users,200,OK,Load_Test 1-33,text,true,,3608,177,5,5,https://reqres.in/api/users?page=2,46,0,0
1780680687544,39,Get Users,200,OK,Load_Test 1-32,text,true,,3608,177,5,5,https://reqres.in/api/users?page=2,39,0,0
1780680687544,39,Get Users,200,OK,Load_Test 1-30,text,true,,3608,177,5,5,https://reqres.in/api/users?page=2,39,0,0
1780680687545,38,Get Users,200,OK,Load_Test 1-31,text,true,,3608,177,5,5,https://reqres.in/api/users?page=2,38,0,0
1780680687474,133,Get Users,200,OK,Load_Test 1-34,text,true,,3608,177,5,5,https://reqres.in/api/users?page=2,133,0,82
1780680687563,50,Get Users,200,OK,Load_Test 1-33,text,true,,3608,177,5,5,https://reqres.in/api/users?page=2,50,0,0
1780680687685,43,Get Users,200,OK,Load_Test 1-32,text,true,,3608,177,6,6,https://reqres.in/api/users?page=2,43,0,0
1780680687685,44,Get Users,200,OK,Load_Test 1-30,text,true,,3608,177,6,6,https://reqres.in/api/users?page=2,44,0,0
1780680687685,44,Get Users,200,OK,Load_Test 1-31,text,true,,3608,177,6,6,https://reqres.in/api/users?page=2,44,0,0
1780680687710,44,Get Users,200,OK,Load_Test 1-34,text,true,,3608,177,5,5,https://reqres.in/api/users?page=2,44,0,0
1780680687715,39,Get Users,200,OK,Load_Test 1-33,text,true,,3608,177,5,5,https://reqres.in/api/users?page=2,39,0,0
1780680687831,44,Get Users,200,OK,Load_Test 1-32,text,true,,3608,177,5,5,https://reqres.in/api/users?page=2,43,0,0
1780680687831,44,Get Users,200,OK,Load_Test 1-31,text,true,,3608,177,5,5,https://reqres.in/api/users?page=2,44,0,0
1780680687856,42,Get Users,200,OK,Load_Test 1-33,text,true,,3608,177,5,5,https://reqres.in/api/users?page=2,42,0,0
1780680687856,43,Get Users,200,OK,Load_Test 1-34,text,true,,3608,177,5,5,https://reqres.in/api/users?page=2,43,0,0
1780680687774,129,Get Users,200,OK,Load_Test 1-35,text,true,,3608,177,5,5,https://reqres.in/api/users?page=2,129,0,82
1780680687975,39,Get Users,200,OK,Load_Test 1-32,text,true,,3608,177,6,6,https://reqres.in/api/users?page=2,38,0,0
1780680687975,44,Get Users,200,OK,Load_Test 1-31,text,true,,3608,177,6,6,https://reqres.in/api/users?page=2,43,0,0
1780680688000,44,Get Users,200,OK,Load_Test 1-33,text,true,,3608,177,5,5,https://reqres.in/api/users?page=2,44,0,0
1780680687999,45,Get Users,200,OK,Load_Test 1-34,text,true,,3608,177,5,5,https://reqres.in/api/users?page=2,45,0,0
1780680688006,53,Get Users,200,OK,Load_Test 1-35,text,true,,3608,177,5,5,https://reqres.in/api/users?page=2,53,0,0
1780680688115,34,Get Users,200,OK,Load_Test 1-32,text,true,,3608,177,5,5,https://reqres.in/api/users?page=2,34,0,0
1780680688145,50,Get Users,200,OK,Load_Test 1-34,text,true,,3608,177,5,5,https://reqres.in/api/users?page=2,50,0,0
1780680688145,50,Get Users,200,OK,Load_Test 1-33,text,true,,3608,177,5,5,https://reqres.in/api/users?page=2,50,0,0
1780680688159,52,Get Users,200,OK,Load_Test 1-35,text,true,,3609,177,5,5,https://reqres.in/api/users?page=2,52,0,0
1780680688074,137,Get Users,200,OK,Load_Test 1-36,text,true,,3608,177,5,5,https://reqres.in/api/users?page=2,137,0,82
1780680688251,57,Get Users,200,OK,Load_Test 1-32,text,true,,3609,177,6,6,https://reqres.in/api/users?page=2,57,0,0
1780680688296,43,Get Users,200,OK,Load_Test 1-34,text,true,,3609,177,5,5,https://reqres.in/api/users?page=2,43,0,0
1780680688296,43,Get Users,200,OK,Load_Test 1-33,text,true,,3609,177,5,5,https://reqres.in/api/users?page=2,43,0,0
1780680688314,39,Get Users,200,OK,Load_Test 1-36,text,true,,3609,177,5,5,https://reqres.in/api/users?page=2,39,0,0
1780680688314,44,Get Users,200,OK,Load_Test 1-35,text,true,,3609,177,5,5,https://reqres.in/api/users?page=2,44,0,0
1780680688375,125,Get Users,200,OK,Load_Test 1-37,text,true,,3609,177,5,5,https://reqres.in/api/users?page=2,125,0,68
1780680688440,60,Get Users,200,OK,Load_Test 1-33,text,true,,3609,177,5,5,https://reqres.in/api/users?page=2,60,0,0
1780680688440,60,Get Users,200,OK,Load_Test 1-34,text,true,,3609,177,5,5,https://reqres.in/api/users?page=2,60,0,0
1780680688454,50,Get Users,200,OK,Load_Test 1-36,text,true,,3609,177,5,5,https://reqres.in/api/users?page=2,50,0,0
1780680688459,50,Get Users,200,OK,Load_Test 1-35,text,true,,3609,177,5,5,https://reqres.in/api/users?page=2,50,0,0
1780680688603,53,Get Users,200,OK,Load_Test 1-37,text,true,,3609,177,6,6,https://reqres.in/api/users?page=2,52,0,0
1780680688603,54,Get Users,200,OK,Load_Test 1-33,text,true,,3609,177,6,6,https://reqres.in/api/users?page=2,54,0,0
1780680688607,50,Get Users,200,OK,Load_Test 1-36,text,true,,3609,177,6,6,https://reqres.in/api/users?page=2,50,0,0
1780680688603,58,Get Users,200,OK,Load_Test 1-34,text,true,,3609,177,5,5,https://reqres.in/api/users?page=2,58,0,0
1780680688610,53,Get Users,200,OK,Load_Test 1-35,text,true,,3609,177,5,5,https://reqres.in/api/users?page=2,53,0,0
1780680688757,36,Get Users,200,OK,Load_Test 1-37,text,true,,3609,177,5,5,https://reqres.in/api/users?page=2,36,0,0
1780680688757,37,Get Users,200,OK,Load_Test 1-36,text,true,,3609,177,5,5,https://reqres.in/api/users?page=2,37,0,0
1780680688764,56,Get Users,200,OK,Load_Test 1-34,text,true,,3609,177,5,5,https://reqres.in/api/users?page=2,56,0,0
1780680688674,147,Get Users,200,OK,Load_Test 1-38,text,true,,3609,177,5,5,https://reqres.in/api/users?page=2,147,0,91
1780680688764,60,Get Users,200,OK,Load_Test 1-35,text,true,,3609,177,5,5,https://reqres.in/api/users?page=2,60,0,0
1780680688894,43,Get Users,200,OK,Load_Test 1-36,text,true,,3609,177,6,6,https://reqres.in/api/users?page=2,43,0,0
1780680688895,44,Get Users,200,OK,Load_Test 1-37,text,true,,3609,177,6,6,https://reqres.in/api/users?page=2,44,0,0
1780680688922,41,Get Users,200,OK,Load_Test 1-38,text,true,,3609,177,6,6,https://reqres.in/api/users?page=2,41,0,0
1780680688922,42,Get Users,200,OK,Load_Test 1-34,text,true,,3609,177,6,6,https://reqres.in/api/users?page=2,42,0,0
1780680688925,43,Get Users,200,OK,Load_Test 1-35,text,true,,3609,177,5,5,https://reqres.in/api/users?page=2,43,0,0
1780680689039,50,Get Users,200,OK,Load_Test 1-37,text,true,,3609,177,5,5,https://reqres.in/api/users?page=2,50,0,0
1780680689039,50,Get Users,200,OK,Load_Test 1-36,text,true,,3609,177,5,5,https://reqres.in/api/users?page=2,50,0,0
1780680688973,120,Get Users,200,OK,Load_Test 1-39,text,true,,3609,177,5,5,https://reqres.in/api/users?page=2,120,0,73
1780680689065,45,Get Users,200,OK,Load_Test 1-38,text,true,,3609,177,5,5,https://reqres.in/api/users?page=2,45,0,0
1780680689070,43,Get Users,200,OK,Load_Test 1-35,text,true,,3609,177,5,5,https://reqres.in/api/users?page=2,43,0,0
1780680689190,42,Get Users,200,OK,Load_Test 1-36,text,true,,3609,177,6,6,https://reqres.in/api/users?page=2,39,0,0
1780680689190,43,Get Users,200,OK,Load_Test 1-37,text,true,,3609,177,6,6,https://reqres.in/api/users?page=2,43,0,0
1780680689195,39,Get Users,200,OK,Load_Test 1-39,text,true,,3609,177,6,6,https://reqres.in/api/users?page=2,39,0,0
1780680689211,43,Get Users,200,OK,Load_Test 1-38,text,true,,3609,177,6,6,https://reqres.in/api/users?page=2,42,0,0
1780680689214,44,Get Users,200,OK,Load_Test 1-35,text,true,,3609,177,6,6,https://reqres.in/api/users?page=2,44,0,0
1780680689334,48,Get Users,200,OK,Load_Test 1-37,text,true,,3609,177,5,5,https://reqres.in/api/users?page=2,39,0,0
1780680689334,52,Get Users,200,OK,Load_Test 1-39,text,true,,3609,177,5,5,https://reqres.in/api/users?page=2,52,0,0
1780680689333,53,Get Users,200,OK,Load_Test 1-36,text,true,,3609,177,5,5,https://reqres.in/api/users?page=2,53,0,0
1780680689354,44,Get Users,200,OK,Load_Test 1-38,text,true,,3609,177,5,5,https://reqres.in/api/users?page=2,44,0,0
1780680689274,134,Get Users,200,OK,Load_Test 1-40,text,true,,3609,177,5,5,https://reqres.in/api/users?page=2,133,0,83
1780680689499,43,Get Users,200,OK,Load_Test 1-38,text,true,,3609,177,6,6,https://reqres.in/api/users?page=2,43,0,0
1780680689486,56,Get Users,200,OK,Load_Test 1-36,text,true,,3609,177,6,6,https://reqres.in/api/users?page=2,56,0,0
1780680689486,56,Get Users,200,OK,Load_Test 1-39,text,true,,3609,177,6,6,https://reqres.in/api/users?page=2,56,0,0
1780680689485,57,Get Users,200,OK,Load_Test 1-37,text,true,,3609,177,6,6,https://reqres.in/api/users?page=2,57,0,0
1780680689509,44,Get Users,200,OK,Load_Test 1-40,text,true,,3609,177,5,5,https://reqres.in/api/users?page=2,44,0,0
1780680689643,46,Get Users,200,OK,Load_Test 1-37,text,true,,3609,177,5,5,https://reqres.in/api/users?page=2,46,0,0
1780680689643,47,Get Users,200,OK,Load_Test 1-38,text,true,,3609,177,5,5,https://reqres.in/api/users?page=2,46,0,0
1780680689643,47,Get Users,200,OK,Load_Test 1-39,text,true,,3609,177,5,5,https://reqres.in/api/users?page=2,47,0,0
1780680689654,44,Get Users,200,OK,Load_Test 1-40,text,true,,3609,177,5,5,https://reqres.in/api/users?page=2,44,0,0
1780680689576,138,Get Users,200,OK,Load_Test 1-41,text,true,,3609,177,5,5,https://reqres.in/api/users?page=2,138,0,84
1780680689791,42,Get Users,200,OK,Load_Test 1-37,text,true,,3609,177,6,6,https://reqres.in/api/users?page=2,42,0,0
1780680689791,43,Get Users,200,OK,Load_Test 1-38,text,true,,3609,177,5,5,https://reqres.in/api/users?page=2,43,0,0
1780680689791,43,Get Users,200,OK,Load_Test 1-39,text,true,,3609,177,5,5,https://reqres.in/api/users?page=2,43,0,0
1780680689804,45,Get Users,200,OK,Load_Test 1-40,text,true,,3609,177,5,5,https://reqres.in/api/users?page=2,45,0,0
1780680689820,55,Get Users,200,OK,Load_Test 1-41,text,true,,3609,177,5,5,https://reqres.in/api/users?page=2,55,0,0
1780680689936,48,Get Users,200,OK,Load_Test 1-38,text,true,,3609,177,5,5,https://reqres.in/api/users?page=2,48,0,0
1780680689936,49,Get Users,200,OK,Load_Test 1-39,text,true,,3609,177,5,5,https://reqres.in/api/users?page=2,49,0,0
1780680689950,44,Get Users,200,OK,Load_Test 1-40,text,true,,3609,177,5,5,https://reqres.in/api/users?page=2,44,0,0
1780680689977,47,Get Users,200,OK,Load_Test 1-41,text,true,,3609,177,5,5,https://reqres.in/api/users?page=2,47,0,0
1780680689875,159,Get Users,200,OK,Load_Test 1-42,text,true,,3609,177,5,5,https://reqres.in/api/users?page=2,158,0,113
1780680690085,55,Get Users,200,OK,Load_Test 1-38,text,true,,3609,177,6,6,https://reqres.in/api/users?page=2,55,0,0
1780680690087,54,Get Users,200,OK,Load_Test 1-39,text,true,,3609,177,5,5,https://reqres.in/api/users?page=2,54,0,0
1780680690095,46,Get Users,200,OK,Load_Test 1-40,text,true,,3609,177,5,5,https://reqres.in/api/users?page=2,46,0,0
1780680690128,47,Get Users,200,OK,Load_Test 1-41,text,true,,3609,177,5,5,https://reqres.in/api/users?page=2,47,0,0
1780680690134,50,Get Users,200,OK,Load_Test 1-42,text,true,,3609,177,5,5,https://reqres.in/api/users?page=2,50,0,0
1780680690242,42,Get Users,200,OK,Load_Test 1-39,text,true,,3609,177,5,5,https://reqres.in/api/users?page=2,42,0,0
1780680690242,42,Get Users,200,OK,Load_Test 1-40,text,true,,3609,177,5,5,https://reqres.in/api/users?page=2,42,0,0
1780680690174,126,Get Users,200,OK,Load_Test 1-43,text,true,,3609,177,5,5,https://reqres.in/api/users?page=2,126,0,76
1780680690275,49,Get Users,200,OK,Load_Test 1-41,text,true,,3609,177,5,5,https://reqres.in/api/users?page=2,49,0,0
1780680690285,49,Get Users,200,OK,Load_Test 1-42,text,true,,3609,177,5,5,https://reqres.in/api/users?page=2,49,0,0
1780680690385,43,Get Users,200,OK,Load_Test 1-39,text,true,,3609,177,6,6,https://reqres.in/api/users?page=2,43,0,0
1780680690385,44,Get Users,200,OK,Load_Test 1-40,text,true,,3609,177,5,5,https://reqres.in/api/users?page=2,44,0,0
1780680690401,53,Get Users,200,OK,Load_Test 1-43,text,true,,3609,177,5,5,https://reqres.in/api/users?page=2,53,0,0
1780680690425,49,Get Users,200,OK,Load_Test 1-41,text,true,,3609,177,5,5,https://reqres.in/api/users?page=2,49,0,0
1780680690435,47,Get Users,200,OK,Load_Test 1-42,text,true,,3609,177,5,5,https://reqres.in/api/users?page=2,44,0,0
1780680690531,50,Get Users,200,OK,Load_Test 1-40,text,true,,3609,177,5,5,https://reqres.in/api/users?page=2,50,0,0
1780680690556,38,Get Users,200,OK,Load_Test 1-43,text,true,,3609,177,5,5,https://reqres.in/api/users?page=2,38,0,0
1780680690473,121,Get Users,200,OK,Load_Test 1-44,text,true,,3609,177,5,5,https://reqres.in/api/users?page=2,121,0,77
1780680690576,43,Get Users,200,OK,Load_Test 1-41,text,true,,3609,177,5,5,https://reqres.in/api/users?page=2,43,0,0
1780680690583,47,Get Users,200,OK,Load_Test 1-42,text,true,,3609,177,5,5,https://reqres.in/api/users?page=2,47,0,0
1780680690682,42,Get Users,200,OK,Load_Test 1-40,text,true,,3609,177,6,6,https://reqres.in/api/users?page=2,42,0,0
1780680690695,44,Get Users,200,OK,Load_Test 1-44,text,true,,3609,177,5,5,https://reqres.in/api/users?page=2,44,0,0
1780680690694,45,Get Users,200,OK,Load_Test 1-43,text,true,,3609,177,5,5,https://reqres.in/api/users?page=2,45,0,0
1780680690720,44,Get Users,200,OK,Load_Test 1-41,text,true,,3609,177,5,5,https://reqres.in/api/users?page=2,43,0,0
1780680690732,37,Get Users,200,OK,Load_Test 1-42,text,true,,3609,177,5,5,https://reqres.in/api/users?page=2,36,0,0
1780680690841,49,Get Users,200,OK,Load_Test 1-43,text,true,,3609,177,5,5,https://reqres.in/api/users?page=2,49,0,0
1780680690841,49,Get Users,200,OK,Load_Test 1-44,text,true,,3609,177,5,5,https://reqres.in/api/users?page=2,49,0,0
1780680690774,119,Get Users,200,OK,Load_Test 1-45,text,true,,3609,177,5,5,https://reqres.in/api/users?page=2,119,0,77
1780680690865,58,Get Users,200,OK,Load_Test 1-41,text,true,,3609,177,5,5,https://reqres.in/api/users?page=2,58,0,0
1780680690870,54,Get Users,200,OK,Load_Test 1-42,text,true,,3609,177,5,5,https://reqres.in/api/users?page=2,53,0,0
1780680690991,329,Get Users,200,OK,Load_Test 1-44,text,true,,3609,177,7,7,https://reqres.in/api/users?page=2,329,0,0
1780680691025,299,Get Users,200,OK,Load_Test 1-41,text,true,,3609,177,7,7,https://reqres.in/api/users?page=2,299,0,0
1780680690994,330,Get Users,200,OK,Load_Test 1-45,text,true,,3609,177,7,7,https://reqres.in/api/users?page=2,330,0,0
1780680690991,333,Get Users,200,OK,Load_Test 1-43,text,true,,3609,177,7,7,https://reqres.in/api/users?page=2,333,0,0
1780680691025,305,Get Users,200,OK,Load_Test 1-42,text,true,,3609,177,6,6,https://reqres.in/api/users?page=2,305,0,0
1780680691077,317,Get Users,200,OK,Load_Test 1-46,text,true,,3609,177,6,6,https://reqres.in/api/users?page=2,317,0,273
1780680691425,39,Get Users,200,OK,Load_Test 1-45,text,true,,3609,177,6,6,https://reqres.in/api/users?page=2,39,0,0
1780680691421,43,Get Users,200,OK,Load_Test 1-44,text,true,,3609,177,6,6,https://reqres.in/api/users?page=2,43,0,0
1780680691425,39,Get Users,200,OK,Load_Test 1-43,text,true,,3609,177,6,6,https://reqres.in/api/users?page=2,39,0,0
1780680691430,38,Get Users,200,OK,Load_Test 1-42,text,true,,3609,177,6,6,https://reqres.in/api/users?page=2,38,0,0
1780680691375,134,Get Users,200,OK,Load_Test 1-47,text,true,,3609,177,6,6,https://reqres.in/api/users?page=2,134,0,80
1780680691495,44,Get Users,200,OK,Load_Test 1-46,text,true,,3609,177,6,6,https://reqres.in/api/users?page=2,44,0,0
1780680691565,45,Get Users,200,OK,Load_Test 1-44,text,true,,3609,177,7,7,https://reqres.in/api/users?page=2,45,0,0
1780680691564,46,Get Users,200,OK,Load_Test 1-45,text,true,,3609,177,7,7,https://reqres.in/api/users?page=2,46,0,0
1780680691565,45,Get Users,200,OK,Load_Test 1-43,text,true,,3609,177,7,7,https://reqres.in/api/users?page=2,45,0,0
1780680691569,42,Get Users,200,OK,Load_Test 1-42,text,true,,3609,177,7,7,https://reqres.in/api/users?page=2,42,0,0
1780680691609,45,Get Users,200,OK,Load_Test 1-47,text,true,,3609,177,6,6,https://reqres.in/api/users?page=2,45,0,0
1780680691641,43,Get Users,200,OK,Load_Test 1-46,text,true,,3609,177,6,6,https://reqres.in/api/users?page=2,43,0,0
1780680691711,62,Get Users,200,OK,Load_Test 1-44,text,true,,3609,177,6,6,https://reqres.in/api/users?page=2,62,0,0
1780680691711,62,Get Users,200,OK,Load_Test 1-43,text,true,,3609,177,6,6,https://reqres.in/api/users?page=2,62,0,0
1780680691711,62,Get Users,200,OK,Load_Test 1-45,text,true,,3609,177,6,6,https://reqres.in/api/users?page=2,62,0,0
1780680691754,56,Get Users,200,OK,Load_Test 1-47,text,true,,3609,177,6,6,https://reqres.in/api/users?page=2,56,0,0
1780680691673,140,Get Users,200,OK,Load_Test 1-48,text,true,,3609,177,6,6,https://reqres.in/api/users?page=2,140,0,89
1780680691785,48,Get Users,200,OK,Load_Test 1-46,text,true,,3609,177,6,6,https://reqres.in/api/users?page=2,48,0,0
1780680691875,45,Get Users,200,OK,Load_Test 1-44,text,true,,3609,177,7,7,https://reqres.in/api/users?page=2,45,0,0
1780680691875,48,Get Users,200,OK,Load_Test 1-45,text,true,,3609,177,7,7,https://reqres.in/api/users?page=2,48,0,0
1780680691875,49,Get Users,200,OK,Load_Test 1-43,text,true,,3609,177,7,7,https://reqres.in/api/users?page=2,49,0,0
1780680691911,48,Get Users,200,OK,Load_Test 1-47,text,true,,3609,177,6,6,https://reqres.in/api/users?page=2,48,0,0
1780680691914,50,Get Users,200,OK,Load_Test 1-48,text,true,,3609,177,6,6,https://reqres.in/api/users?page=2,49,0,0
1780680691934,45,Get Users,200,OK,Load_Test 1-46,text,true,,3609,177,6,6,https://reqres.in/api/users?page=2,45,0,0
1780680692022,41,Get Users,200,OK,Load_Test 1-44,text,true,,3609,177,6,6,https://reqres.in/api/users?page=2,41,0,0
1780680692024,40,Get Users,200,OK,Load_Test 1-45,text,true,,3609,177,6,6,https://reqres.in/api/users?page=2,40,0,0
1780680691974,121,Get Users,200,OK,Load_Test 1-49,text,true,,3609,177,6,6,https://reqres.in/api/users?page=2,121,0,72
1780680692060,38,Get Users,200,OK,Load_Test 1-47,text,true,,3609,177,6,6,https://reqres.in/api/users?page=2,38,0,0
1780680692064,49,Get Users,200,OK,Load_Test 1-48,text,true,,3609,177,6,6,https://reqres.in/api/users?page=2,49,0,0
1780680692080,43,Get Users,200,OK,Load_Test 1-46,text,true,,3609,177,6,6,https://reqres.in/api/users?page=2,43,0,0
1780680692164,49,Get Users,200,OK,Load_Test 1-44,text,true,,3609,177,7,7,https://reqres.in/api/users?page=2,49,0,0
1780680692164,50,Get Users,200,OK,Load_Test 1-45,text,true,,3609,177,7,7,https://reqres.in/api/users?page=2,50,0,0
1780680692206,39,Get Users,200,OK,Load_Test 1-47,text,true,,3609,177,6,6,https://reqres.in/api/users?page=2,39,0,0
1780680692199,46,Get Users,200,OK,Load_Test 1-49,text,true,,3609,177,6,6,https://reqres.in/api/users?page=2,46,0,0
1780680692214,48,Get Users,200,OK,Load_Test 1-48,text,true,,3609,177,6,6,https://reqres.in/api/users?page=2,48,0,0
1780680692225,43,Get Users,200,OK,Load_Test 1-46,text,true,,3609,177,6,6,https://reqres.in/api/users?page=2,43,0,0
1780680692314,55,Get Users,200,OK,Load_Test 1-45,text,true,,3609,177,6,6,https://reqres.in/api/users?page=2,55,0,0
1780680692347,48,Get Users,200,OK,Load_Test 1-47,text,true,,3609,177,6,6,https://reqres.in/api/users?page=2,48,0,0
1780680692347,48,Get Users,200,OK,Load_Test 1-49,text,true,,3609,177,6,6,https://reqres.in/api/users?page=2,48,0,0
1780680692370,38,Get Users,200,OK,Load_Test 1-46,text,true,,3609,177,6,6,https://reqres.in/api/users?page=2,38,0,0
1780680692273,136,Get Users,200,OK,Load_Test 1-50,text,true,,3609,177,6,6,https://reqres.in/api/users?page=2,136,0,87
1780680692363,46,Get Users,200,OK,Load_Test 1-48,text,true,,3609,177,6,6,https://reqres.in/api/users?page=2,46,0,0
1780680692470,62,Get Users,200,OK,Load_Test 1-45,text,true,,3609,177,7,7,https://reqres.in/api/users?page=2,62,0,0
1780680692496,53,Get Users,200,OK,Load_Test 1-47,text,true,,3609,177,6,6,https://reqres.in/api/users?page=2,53,0,0
1780680692496,53,Get Users,200,OK,Load_Test 1-49,text,true,,3609,177,6,6,https://reqres.in/api/users?page=2,53,0,0
1780680692509,44,Get Users,200,OK,Load_Test 1-50,text,true,,3609,177,6,6,https://reqres.in/api/users?page=2,44,0,0
1780680692509,44,Get Users,200,OK,Load_Test 1-46,text,true,,3609,177,6,6,https://reqres.in/api/users?page=2,44,0,0
1780680692511,43,Get Users,200,OK,Load_Test 1-48,text,true,,3609,177,6,6,https://reqres.in/api/users?page=2,43,0,0
1780680692649,56,Get Users,200,OK,Load_Test 1-47,text,true,,3609,177,6,6,https://reqres.in/api/users?page=2,56,0,0
1780680692649,56,Get Users,200,OK,Load_Test 1-49,text,true,,3609,177,6,6,https://reqres.in/api/users?page=2,56,0,0
1780680692573,134,Get Users,200,OK,Load_Test 1-51,text,true,,3609,177,6,6,https://reqres.in/api/users?page=2,134,0,73
1780680692653,53,Get Users,200,OK,Load_Test 1-46,text,true,,3609,177,6,6,https://reqres.in/api/users?page=2,53,0,0
1780680692653,53,Get Users,200,OK,Load_Test 1-50,text,true,,3609,177,6,6,https://reqres.in/api/users?page=2,53,0,0
1780680692654,54,Get Users,200,OK,Load_Test 1-48,text,true,,3609,177,5,5,https://reqres.in/api/users?page=2,54,0,0
1780680692806,42,Get Users,200,OK,Load_Test 1-47,text,true,,3609,177,6,6,https://reqres.in/api/users?page=2,42,0,0
1780680692806,42,Get Users,200,OK,Load_Test 1-50,text,true,,3609,177,6,6,https://reqres.in/api/users?page=2,42,0,0
1780680692806,42,Get Users,200,OK,Load_Test 1-49,text,true,,3609,177,6,6,https://reqres.in/api/users?page=2,42,0,0
1780680692808,40,Get Users,200,OK,Load_Test 1-51,text,true,,3609,177,6,6,https://reqres.in/api/users?page=2,40,0,0
1780680692810,43,Get Users,200,OK,Load_Test 1-48,text,true,,3609,177,5,5,https://reqres.in/api/users?page=2,43,0,0
1780680692949,53,Get Users,200,OK,Load_Test 1-50,text,true,,3609,177,5,5,https://reqres.in/api/users?page=2,53,0,0
1780680692949,53,Get Users,200,OK,Load_Test 1-49,text,true,,3609,177,5,5,https://reqres.in/api/users?page=2,53,0,0
1780680692949,53,Get Users,200,OK,Load_Test 1-51,text,true,,3609,177,5,5,https://reqres.in/api/users?page=2,53,0,0
1780680692954,49,Get Users,200,OK,Load_Test 1-48,text,true,,3609,177,5,5,https://reqres.in/api/users?page=2,49,0,0
1780680692876,161,Get Users,200,OK,Load_Test 1-52,text,true,,3609,177,5,5,https://reqres.in/api/users?page=2,161,0,92
1780680693103,51,Get Users,200,OK,Load_Test 1-50,text,true,,3609,177,6,6,https://reqres.in/api/users?page=2,51,0,0
1780680693103,51,Get Users,200,OK,Load_Test 1-49,text,true,,3609,177,6,6,https://reqres.in/api/users?page=2,51,0,0
1780680693103,51,Get Users,200,OK,Load_Test 1-51,text,true,,3609,177,6,6,https://reqres.in/api/users?page=2,51,0,0
1780680693104,56,Get Users,200,OK,Load_Test 1-48,text,true,,3609,177,6,6,https://reqres.in/api/users?page=2,56,0,0
1780680693139,64,Get Users,200,OK,Load_Test 1-52,text,true,,3609,177,5,5,https://reqres.in/api/users?page=2,64,0,0
1780680693254,43,Get Users,200,OK,Load_Test 1-50,text,true,,3609,177,5,5,https://reqres.in/api/users?page=2,43,0,0
1780680693254,43,Get Users,200,OK,Load_Test 1-49,text,true,,3609,177,5,5,https://reqres.in/api/users?page=2,43,0,0
1780680693254,44,Get Users,200,OK,Load_Test 1-51,text,true,,3609,177,5,5,https://reqres.in/api/users?page=2,44,0,0
1780680693174,124,Get Users,200,OK,Load_Test 1-53,text,true,,3609,177,5,5,https://reqres.in/api/users?page=2,124,0,77
1780680693305,48,Get Users,200,OK,Load_Test 1-52,text,true,,3609,177,5,5,https://reqres.in/api/users?page=2,47,0,0
1780680693404,51,Get Users,200,OK,Load_Test 1-50,text,true,,3609,177,6,6,https://reqres.in/api/users?page=2,51,0,0
1780680693403,52,Get Users,200,OK,Load_Test 1-51,text,true,,3609,177,6,6,https://reqres.in/api/users?page=2,52,0,0
1780680693404,51,Get Users,200,OK,Load_Test 1-53,text,true,,3609,177,6,6,https://reqres.in/api/users?page=2,51,0,0
1780680693404,51,Get Users,200,OK,Load_Test 1-49,text,true,,3609,177,6,6,https://reqres.in/api/users?page=2,51,0,0
1780680693455,67,Get Users,200,OK,Load_Test 1-52,text,true,,3609,177,5,5,https://reqres.in/api/users?page=2,67,0,0
1780680693556,51,Get Users,200,OK,Load_Test 1-50,text,true,,3609,177,5,5,https://reqres.in/api/users?page=2,51,0,0
1780680693556,51,Get Users,200,OK,Load_Test 1-51,text,true,,3609,177,5,5,https://reqres.in/api/users?page=2,51,0,0
1780680693556,52,Get Users,200,OK,Load_Test 1-53,text,true,,3609,177,5,5,https://reqres.in/api/users?page=2,52,0,0
1780680693472,141,Get Users,200,OK,Load_Test 1-54,text,true,,3609,177,5,5,https://reqres.in/api/users?page=2,141,0,78
1780680693623,61,Get Users,200,OK,Load_Test 1-52,text,true,,3609,177,6,6,https://reqres.in/api/users?page=2,61,0,0
1780680693708,51,Get Users,200,OK,Load_Test 1-50,text,true,,3609,177,6,6,https://reqres.in/api/users?page=2,51,0,0
1780680693709,50,Get Users,200,OK,Load_Test 1-53,text,true,,3609,177,6,6,https://reqres.in/api/users?page=2,50,0,0
1780680693708,55,Get Users,200,OK,Load_Test 1-51,text,true,,3609,177,5,5,https://reqres.in/api/users?page=2,55,0,0
1780680693713,50,Get Users,200,OK,Load_Test 1-54,text,true,,3609,177,5,5,https://reqres.in/api/users?page=2,50,0,0
1780680693785,67,Get Users,200,OK,Load_Test 1-52,text,true,,3609,177,5,5,https://reqres.in/api/users?page=2,67,0,0
1780680693774,124,Get Users,200,OK,Load_Test 1-55,text,true,,3609,177,5,5,https://reqres.in/api/users?page=2,124,0,71
1780680693864,43,Get Users,200,OK,Load_Test 1-51,text,true,,3609,177,5,5,https://reqres.in/api/users?page=2,43,0,0
1780680693864,44,Get Users,200,OK,Load_Test 1-54,text,true,,3609,177,5,5,https://reqres.in/api/users?page=2,44,0,0
1780680693860,52,Get Users,200,OK,Load_Test 1-53,text,true,,3609,177,5,5,https://reqres.in/api/users?page=2,52,0,0
1780680693953,77,Get Users,200,OK,Load_Test 1-52,text,true,,3609,177,6,6,https://reqres.in/api/users?page=2,77,0,0
1780680694000,48,Get Users,200,OK,Load_Test 1-55,text,true,,3609,177,6,6,https://reqres.in/api/users?page=2,48,0,0
1780680694009,52,Get Users,200,OK,Load_Test 1-51,text,true,,3609,177,6,6,https://reqres.in/api/users?page=2,52,0,0
1780680694008,53,Get Users,200,OK,Load_Test 1-54,text,true,,3609,177,6,6,https://reqres.in/api/users?page=2,53,0,0
1780680694014,49,Get Users,200,OK,Load_Test 1-53,text,true,,3609,177,5,5,https://reqres.in/api/users?page=2,49,0,0
1780680694149,43,Get Users,200,OK,Load_Test 1-55,text,true,,3609,177,5,5,https://reqres.in/api/users?page=2,43,0,0
1780680694131,66,Get Users,200,OK,Load_Test 1-52,text,true,,3609,177,5,5,https://reqres.in/api/users?page=2,66,0,0
1780680694163,44,Get Users,200,OK,Load_Test 1-54,text,true,,3609,177,5,5,https://reqres.in/api/users?page=2,44,0,0
1780680694163,49,Get Users,200,OK,Load_Test 1-53,text,true,,3609,177,5,5,https://reqres.in/api/users?page=2,49,0,0
1780680694077,136,Get Users,200,OK,Load_Test 1-56,text,true,,3609,177,5,5,https://reqres.in/api/users?page=2,136,0,98
1780680694294,58,Get Users,200,OK,Load_Test 1-55,text,true,,3609,177,6,6,https://reqres.in/api/users?page=2,58,0,0
1780680694313,56,Get Users,200,OK,Load_Test 1-56,text,true,,3609,177,6,6,https://reqres.in/api/users?page=2,56,0,0
1780680694298,71,Get Users,200,OK,Load_Test 1-52,text,true,,3609,177,6,6,https://reqres.in/api/users?page=2,71,0,0
1780680694308,62,Get Users,200,OK,Load_Test 1-54,text,true,,3609,177,6,6,https://reqres.in/api/users?page=2,62,0,0
1780680694313,57,Get Users,200,OK,Load_Test 1-53,text,true,,3609,177,6,6,https://reqres.in/api/users?page=2,57,0,0
1780680694453,51,Get Users,200,OK,Load_Test 1-55,text,true,,3609,177,6,6,https://reqres.in/api/users?page=2,51,0,0
1780680694375,133,Get Users,200,OK,Load_Test 1-57,text,true,,3609,177,6,6,https://reqres.in/api/users?page=2,133,0,75
1780680694470,57,Get Users,200,OK,Load_Test 1-56,text,true,,3609,177,6,6,https://reqres.in/api/users?page=2,57,0,0
1780680694470,57,Get Users,200,OK,Load_Test 1-54,text,true,,3609,177,6,6,https://reqres.in/api/users?page=2,57,0,0
1780680694470,58,Get Users,200,OK,Load_Test 1-53,text,true,,3609,177,6,6,https://reqres.in/api/users?page=2,58,0,0
1780680694470,76,Get Users,200,OK,Load_Test 1-52,text,true,,3609,177,6,6,https://reqres.in/api/users?page=2,76,0,0
1780680694606,67,Get Users,200,OK,Load_Test 1-55,text,true,,3609,177,6,6,https://reqres.in/api/users?page=2,67,0,0
1780680694613,60,Get Users,200,OK,Load_Test 1-57,text,true,,3609,177,6,6,https://reqres.in/api/users?page=2,60,0,0
1780680694628,59,Get Users,200,OK,Load_Test 1-56,text,true,,3609,177,6,6,https://reqres.in/api/users?page=2,59,0,0
1780680694628,59,Get Users,200,OK,Load_Test 1-53,text,true,,3609,177,6,6,https://reqres.in/api/users?page=2,59,0,0
1780680694628,60,Get Users,200,OK,Load_Test 1-54,text,true,,3609,177,6,6,https://reqres.in/api/users?page=2,60,0,0
1780680694673,130,Get Users,200,OK,Load_Test 1-58,text,true,,3609,177,5,5,https://reqres.in/api/users?page=2,130,0,85
1780680694774,49,Get Users,200,OK,Load_Test 1-57,text,true,,3609,177,5,5,https://reqres.in/api/users?page=2,49,0,0
1780680694788,39,Get Users,200,OK,Load_Test 1-56,text,true,,3609,177,5,5,https://reqres.in/api/users?page=2,39,0,0
1780680694774,54,Get Users,200,OK,Load_Test 1-55,text,true,,3609,177,5,5,https://reqres.in/api/users?page=2,53,0,0
1780680694789,44,Get Users,200,OK,Load_Test 1-54,text,true,,3609,177,5,5,https://reqres.in/api/users?page=2,44,0,0
1780680694904,48,Get Users,200,OK,Load_Test 1-58,text,true,,3609,177,6,6,https://reqres.in/api/users?page=2,48,0,0
1780680694928,39,Get Users,200,OK,Load_Test 1-56,text,true,,3609,177,6,6,https://reqres.in/api/users?page=2,39,0,0
1780680694929,38,Get Users,200,OK,Load_Test 1-55,text,true,,3609,177,6,6,https://reqres.in/api/users?page=2,38,0,0
1780680694924,44,Get Users,200,OK,Load_Test 1-57,text,true,,3609,177,6,6,https://reqres.in/api/users?page=2,43,0,0
1780680694934,43,Get Users,200,OK,Load_Test 1-54,text,true,,3609,177,6,6,https://reqres.in/api/users?page=2,43,0,0
1780680694973,115,Get Users,200,OK,Load_Test 1-59,text,true,,3609,177,5,5,https://reqres.in/api/users?page=2,115,0,70
1780680695054,39,Get Users,200,OK,Load_Test 1-58,text,true,,3609,177,5,5,https://reqres.in/api/users?page=2,39,0,0
1780680695068,50,Get Users,200,OK,Load_Test 1-56,text,true,,3609,177,5,5,https://reqres.in/api/users?page=2,49,0,0
1780680695068,50,Get Users,200,OK,Load_Test 1-55,text,true,,3609,177,5,5,https://reqres.in/api/users?page=2,50,0,0
1780680695068,101,Get Users,200,OK,Load_Test 1-57,text,true,,3609,177,5,5,https://reqres.in/api/users?page=2,101,0,0
1780680695188,51,Get Users,200,OK,Load_Test 1-59,text,true,,3609,177,6,6,https://reqres.in/api/users?page=2,50,0,0
1780680695218,45,Get Users,200,OK,Load_Test 1-56,text,true,,3609,177,6,6,https://reqres.in/api/users?page=2,44,0,0
1780680695218,45,Get Users,200,OK,Load_Test 1-55,text,true,,3609,177,6,6,https://reqres.in/api/users?page=2,45,0,0
1780680695194,95,Get Users,200,OK,Load_Test 1-58,text,true,,3609,177,5,5,https://reqres.in/api/users?page=2,95,0,0
1780680695271,37,Get Users,200,OK,Load_Test 1-57,text,true,,3609,177,5,5,https://reqres.in/api/users?page=2,37,0,0
1780680695340,55,Get Users,200,OK,Load_Test 1-59,text,true,,3609,177,5,5,https://reqres.in/api/users?page=2,55,0,0
1780680695280,128,Get Users,200,OK,Load_Test 1-60,text,true,,3609,177,5,5,https://reqres.in/api/users?page=2,128,0,78
1780680695363,59,Get Users,200,OK,Load_Test 1-56,text,true,,3609,177,5,5,https://reqres.in/api/users?page=2,59,0,0
1780680695389,38,Get Users,200,OK,Load_Test 1-58,text,true,,3609,177,5,5,https://reqres.in/api/users?page=2,38,0,0
1780680695408,55,Get Users,200,OK,Load_Test 1-57,text,true,,3609,177,5,5,https://reqres.in/api/users?page=2,54,0,0
1780680695495,42,Get Users,200,OK,Load_Test 1-59,text,true,,3609,177,6,6,https://reqres.in/api/users?page=2,42,0,0
1780680695508,50,Get Users,200,OK,Load_Test 1-60,text,true,,3609,177,6,6,https://reqres.in/api/users?page=2,49,0,0
1780680695523,54,Get Users,200,OK,Load_Test 1-56,text,true,,3609,177,6,6,https://reqres.in/api/users?page=2,54,0,0
1780680695528,50,Get Users,200,OK,Load_Test 1-58,text,true,,3609,177,6,6,https://reqres.in/api/users?page=2,50,0,0
1780680695563,60,Get Users,200,OK,Load_Test 1-57,text,true,,3609,177,5,5,https://reqres.in/api/users?page=2,60,0,0
1780680695638,44,Get Users,200,OK,Load_Test 1-59,text,true,,3609,177,5,5,https://reqres.in/api/users?page=2,44,0,0
1780680695574,109,Get Users,200,OK,Load_Test 1-61,text,true,,3609,177,5,5,https://reqres.in/api/users?page=2,109,0,68
1780680695659,44,Get Users,200,OK,Load_Test 1-60,text,true,,3609,177,5,5,https://reqres.in/api/users?page=2,44,0,0
1780680695679,51,Get Users,200,OK,Load_Test 1-58,text,true,,3609,177,5,5,https://reqres.in/api/users?page=2,51,0,0
1780680695729,55,Get Users,200,OK,Load_Test 1-57,text,true,,3609,177,6,6,https://reqres.in/api/users?page=2,55,0,0
1780680695784,45,Get Users,200,OK,Load_Test 1-61,text,true,,3609,177,6,6,https://reqres.in/api/users?page=2,45,0,0
1780680695783,46,Get Users,200,OK,Load_Test 1-59,text,true,,3609,177,6,6,https://reqres.in/api/users?page=2,46,0,0
1780680695805,42,Get Users,200,OK,Load_Test 1-60,text,true,,3609,177,6,6,https://reqres.in/api/users?page=2,42,0,0
1780680695837,45,Get Users,200,OK,Load_Test 1-58,text,true,,3609,177,6,6,https://reqres.in/api/users?page=2,45,0,0
1780680695886,47,Get Users,200,OK,Load_Test 1-57,text,true,,3609,177,6,6,https://reqres.in/api/users?page=2,47,0,0
1780680695930,43,Get Users,200,OK,Load_Test 1-59,text,true,,3609,177,5,5,https://reqres.in/api/users?page=2,43,0,0
1780680695930,43,Get Users,200,OK,Load_Test 1-61,text,true,,3609,177,5,5,https://reqres.in/api/users?page=2,43,0,0
1780680695948,45,Get Users,200,OK,Load_Test 1-60,text,true,,3609,177,5,5,https://reqres.in/api/users?page=2,45,0,0
1780680695876,137,Get Users,200,OK,Load_Test 1-62,text,true,,3609,177,5,5,https://reqres.in/api/users?page=2,137,0,92
1780680695983,55,Get Users,200,OK,Load_Test 1-58,text,true,,3609,177,5,5,https://reqres.in/api/users?page=2,55,0,0
1780680696073,44,Get Users,200,OK,Load_Test 1-59,text,true,,3609,177,6,6,https://reqres.in/api/users?page=2,44,0,0
1780680696073,59,Get Users,200,OK,Load_Test 1-61,text,true,,3609,177,6,6,https://reqres.in/api/users?page=2,59,0,0
1780680696093,49,Get Users,200,OK,Load_Test 1-60,text,true,,3609,177,6,6,https://reqres.in/api/users?page=2,49,0,0
1780680696115,42,Get Users,200,OK,Load_Test 1-62,text,true,,3609,177,6,6,https://reqres.in/api/users?page=2,42,0,0
1780680696138,45,Get Users,200,OK,Load_Test 1-58,text,true,,3609,177,6,6,https://reqres.in/api/users?page=2,45,0,0
1780680696218,55,Get Users,200,OK,Load_Test 1-59,text,true,,3609,177,5,5,https://reqres.in/api/users?page=2,55,0,0
1780680696233,49,Get Users,200,OK,Load_Test 1-61,text,true,,3609,177,5,5,https://reqres.in/api/users?page=2,49,0,0
1780680696243,39,Get Users,200,OK,Load_Test 1-60,text,true,,3609,177,5,5,https://reqres.in/api/users?page=2,39,0,0
1780680696172,120,Get Users,200,OK,Load_Test 1-63,text,true,,3609,177,5,5,https://reqres.in/api/users?page=2,120,0,76
1780680696259,49,Get Users,200,OK,Load_Test 1-62,text,true,,3609,177,5,5,https://reqres.in/api/users?page=2,48,0,0
1780680696373,50,Get Users,200,OK,Load_Test 1-59,text,true,,3609,177,6,6,https://reqres.in/api/users?page=2,50,0,0
1780680696384,46,Get Users,200,OK,Load_Test 1-60,text,true,,3609,177,5,5,https://reqres.in/api/users?page=2,46,0,0
1780680696385,45,Get Users,200,OK,Load_Test 1-61,text,true,,3609,177,5,5,https://reqres.in/api/users?page=2,45,0,0
1780680696393,49,Get Users,200,OK,Load_Test 1-63,text,true,,3609,177,5,5,https://reqres.in/api/users?page=2,49,0,0
1780680696409,53,Get Users,200,OK,Load_Test 1-62,text,true,,3609,177,5,5,https://reqres.in/api/users?page=2,53,0,0
1780680696531,51,Get Users,200,OK,Load_Test 1-61,text,true,,3609,177,5,5,https://reqres.in/api/users?page=2,51,0,0
1780680696531,52,Get Users,200,OK,Load_Test 1-60,text,true,,3609,177,5,5,https://reqres.in/api/users?page=2,52,0,0
1780680696543,55,Get Users,200,OK,Load_Test 1-63,text,true,,3609,177,5,5,https://reqres.in/api/users?page=2,55,0,0
1780680696562,47,Get Users,200,OK,Load_Test 1-62,text,true,,3609,177,5,5,https://reqres.in/api/users?page=2,47,0,0
1780680696474,138,Get Users,200,OK,Load_Test 1-64,text,true,,3609,177,5,5,https://reqres.in/api/users?page=2,138,0,86
1780680696683,64,Get Users,200,OK,Load_Test 1-60,text,true,,3609,177,6,6,https://reqres.in/api/users?page=2,64,0,0
1780680696683,64,Get Users,200,OK,Load_Test 1-61,text,true,,3609,177,6,6,https://reqres.in/api/users?page=2,64,0,0
1780680696698,50,Get Users,200,OK,Load_Test 1-63,text,true,,3609,177,6,6,https://reqres.in/api/users?page=2,50,0,0
1780680696714,53,Get Users,200,OK,Load_Test 1-64,text,true,,3609,177,5,5,https://reqres.in/api/users?page=2,53,0,0
1780680696709,59,Get Users,200,OK,Load_Test 1-62,text,true,,3609,177,5,5,https://reqres.in/api/users?page=2,58,0,0
1780680696850,44,Get Users,200,OK,Load_Test 1-63,text,true,,3609,177,5,5,https://reqres.in/api/users?page=2,44,0,0
1780680696850,44,Get Users,200,OK,Load_Test 1-61,text,true,,3609,177,5,5,https://reqres.in/api/users?page=2,44,0,0
1780680696773,121,Get Users,200,OK,Load_Test 1-65,text,true,,3609,177,5,5,https://reqres.in/api/users?page=2,121,0,73
1780680696869,55,Get Users,200,OK,Load_Test 1-62,text,true,,3609,177,5,5,https://reqres.in/api/users?page=2,55,0,0
1780680696869,63,Get Users,200,OK,Load_Test 1-64,text,true,,3609,177,5,5,https://reqres.in/api/users?page=2,63,0,0
1780680696997,45,Get Users,200,OK,Load_Test 1-61,text,true,,3609,177,6,6,https://reqres.in/api/users?page=2,45,0,0
1780680696998,44,Get Users,200,OK,Load_Test 1-65,text,true,,3609,177,6,6,https://reqres.in/api/users?page=2,44,0,0
1780680696997,46,Get Users,200,OK,Load_Test 1-63,text,true,,3609,177,6,6,https://reqres.in/api/users?page=2,46,0,0
1780680697029,43,Get Users,200,OK,Load_Test 1-62,text,true,,3609,177,5,5,https://reqres.in/api/users?page=2,43,0,0
1780680697033,44,Get Users,200,OK,Load_Test 1-64,text,true,,3609,177,5,5,https://reqres.in/api/users?page=2,44,0,0
1780680697074,109,Get Users,200,OK,Load_Test 1-66,text,true,,3609,177,5,5,https://reqres.in/api/users?page=2,109,0,64
1780680697143,47,Get Users,200,OK,Load_Test 1-65,text,true,,3609,177,5,5,https://reqres.in/api/users?page=2,47,0,0
1780680697144,46,Get Users,200,OK,Load_Test 1-63,text,true,,3609,177,5,5,https://reqres.in/api/users?page=2,46,0,0
1780680697178,44,Get Users,200,OK,Load_Test 1-64,text,true,,3609,177,5,5,https://reqres.in/api/users?page=2,44,0,0
1780680697174,49,Get Users,200,OK,Load_Test 1-62,text,true,,3609,177,5,5,https://reqres.in/api/users?page=2,49,0,0
1780680697283,51,Get Users,200,OK,Load_Test 1-66,text,true,,3609,177,6,6,https://reqres.in/api/users?page=2,51,0,0
1780680697290,44,Get Users,200,OK,Load_Test 1-63,text,true,,3609,177,6,6,https://reqres.in/api/users?page=2,44,0,0
1780680697290,44,Get Users,200,OK,Load_Test 1-65,text,true,,3609,177,6,6,https://reqres.in/api/users?page=2,44,0,0
1780680697323,52,Get Users,200,OK,Load_Test 1-62,text,true,,3609,177,6,6,https://reqres.in/api/users?page=2,52,0,0
1780680697323,52,Get Users,200,OK,Load_Test 1-64,text,true,,3609,177,6,6,https://reqres.in/api/users?page=2,52,0,0
1780680697435,42,Get Users,200,OK,Load_Test 1-66,text,true,,3609,177,5,5,https://reqres.in/api/users?page=2,42,0,0
1780680697435,42,Get Users,200,OK,Load_Test 1-63,text,true,,3609,177,5,5,https://reqres.in/api/users?page=2,42,0,0
1780680697435,43,Get Users,200,OK,Load_Test 1-65,text,true,,3609,177,5,5,https://reqres.in/api/users?page=2,43,0,0
1780680697375,123,Get Users,200,OK,Load_Test 1-67,text,true,,3609,177,5,5,https://reqres.in/api/users?page=2,123,0,84
1780680697475,48,Get Users,200,OK,Load_Test 1-64,text,true,,3609,177,5,5,https://reqres.in/api/users?page=2,48,0,0
1780680697579,39,Get Users,200,OK,Load_Test 1-66,text,true,,3609,177,6,6,https://reqres.in/api/users?page=2,39,0,0
1780680697579,43,Get Users,200,OK,Load_Test 1-65,text,true,,3609,177,6,6,https://reqres.in/api/users?page=2,43,0,0
1780680697579,43,Get Users,200,OK,Load_Test 1-63,text,true,,3609,177,6,6,https://reqres.in/api/users?page=2,43,0,0
1780680697599,48,Get Users,200,OK,Load_Test 1-67,text,true,,3609,177,5,5,https://reqres.in/api/users?page=2,48,0,0
1780680697624,43,Get Users,200,OK,Load_Test 1-64,text,true,,3609,177,5,5,https://reqres.in/api/users?page=2,43,0,0
1780680697718,51,Get Users,200,OK,Load_Test 1-66,text,true,,3609,177,5,5,https://reqres.in/api/users?page=2,49,0,0
1780680697723,46,Get Users,200,OK,Load_Test 1-65,text,true,,3609,177,5,5,https://reqres.in/api/users?page=2,46,0,0
1780680697748,48,Get Users,200,OK,Load_Test 1-67,text,true,,3609,177,5,5,https://reqres.in/api/users?page=2,48,0,0
1780680697675,122,Get Users,200,OK,Load_Test 1-68,text,true,,3609,177,5,5,https://reqres.in/api/users?page=2,122,0,66
1780680697768,50,Get Users,200,OK,Load_Test 1-64,text,true,,3609,177,5,5,https://reqres.in/api/users?page=2,50,0,0
1780680697870,43,Get Users,200,OK,Load_Test 1-66,text,true,,3609,177,6,6,https://reqres.in/api/users?page=2,43,0,0
1780680697870,58,Get Users,200,OK,Load_Test 1-65,text,true,,3609,177,6,6,https://reqres.in/api/users?page=2,58,0,0
1780680697899,38,Get Users,200,OK,Load_Test 1-67,text,true,,3609,177,6,6,https://reqres.in/api/users?page=2,38,0,0
1780680697898,49,Get Users,200,OK,Load_Test 1-68,text,true,,3609,177,6,6,https://reqres.in/api/users?page=2,49,0,0
1780680697919,49,Get Users,200,OK,Load_Test 1-64,text,true,,3609,177,6,6,https://reqres.in/api/users?page=2,49,0,0
1780680698014,49,Get Users,200,OK,Load_Test 1-66,text,true,,3609,177,5,5,https://reqres.in/api/users?page=2,49,0,0
1780680698029,48,Get Users,200,OK,Load_Test 1-65,text,true,,3609,177,5,5,https://reqres.in/api/users?page=2,48,0,0
1780680698039,58,Get Users,200,OK,Load_Test 1-67,text,true,,3609,177,5,5,https://reqres.in/api/users?page=2,47,0,0
1780680697973,126,Get Users,200,OK,Load_Test 1-69,text,true,,3609,177,5,5,https://reqres.in/api/users?page=2,126,0,77
1780680698050,53,Get Users,200,OK,Load_Test 1-68,text,true,,3609,177,5,5,https://reqres.in/api/users?page=2,53,0,0
1780680698163,50,Get Users,200,OK,Load_Test 1-66,text,true,,3609,177,6,6,https://reqres.in/api/users?page=2,50,0,0
1780680698183,56,Get Users,200,OK,Load_Test 1-65,text,true,,3609,177,6,6,https://reqres.in/api/users?page=2,56,0,0
1780680698204,51,Get Users,200,OK,Load_Test 1-68,text,true,,3609,177,5,5,https://reqres.in/api/users?page=2,51,0,0
1780680698199,56,Get Users,200,OK,Load_Test 1-69,text,true,,3609,177,5,5,https://reqres.in/api/users?page=2,55,0,0
1780680698199,56,Get Users,200,OK,Load_Test 1-67,text,true,,3609,177,5,5,https://reqres.in/api/users?page=2,56,0,0
1780680698313,39,Get Users,200,OK,Load_Test 1-66,text,true,,3609,177,5,5,https://reqres.in/api/users?page=2,39,0,0
1780680698355,37,Get Users,200,OK,Load_Test 1-67,text,true,,3609,177,5,5,https://reqres.in/api/users?page=2,37,0,0
1780680698355,38,Get Users,200,OK,Load_Test 1-69,text,true,,3609,177,5,5,https://reqres.in/api/users?page=2,38,0,0
1780680698273,120,Get Users,200,OK,Load_Test 1-70,text,true,,3609,177,5,5,https://reqres.in/api/users?page=2,120,0,76
1780680698355,42,Get Users,200,OK,Load_Test 1-68,text,true,,3609,177,5,5,https://reqres.in/api/users?page=2,42,0,0
1780680698453,55,Get Users,200,OK,Load_Test 1-66,text,true,,3609,177,6,6,https://reqres.in/api/users?page=2,55,0,0
1780680698494,43,Get Users,200,OK,Load_Test 1-67,text,true,,3609,177,5,5,https://reqres.in/api/users?page=2,43,0,0
1780680698494,48,Get Users,200,OK,Load_Test 1-70,text,true,,3609,177,5,5,https://reqres.in/api/users?page=2,48,0,0
1780680698494,48,Get Users,200,OK,Load_Test 1-69,text,true,,3609,177,5,5,https://reqres.in/api/users?page=2,48,0,0
1780680698498,45,Get Users,200,OK,Load_Test 1-68,text,true,,3609,177,5,5,https://reqres.in/api/users?page=2,45,0,0
1780680698638,40,Get Users,200,OK,Load_Test 1-67,text,true,,3609,177,5,5,https://reqres.in/api/users?page=2,40,0,0
1780680698643,40,Get Users,200,OK,Load_Test 1-70,text,true,,3609,177,5,5,https://reqres.in/api/users?page=2,40,0,0
1780680698643,40,Get Users,200,OK,Load_Test 1-69,text,true,,3609,177,5,5,https://reqres.in/api/users?page=2,40,0,0
1780680698643,41,Get Users,200,OK,Load_Test 1-68,text,true,,3609,177,5,5,https://reqres.in/api/users?page=2,41,0,0
1780680698574,113,Get Users,200,OK,Load_Test 1-71,text,true,,3609,177,5,5,https://reqres.in/api/users?page=2,113,0,70
1780680698784,57,Get Users,200,OK,Load_Test 1-70,text,true,,3609,177,6,6,https://reqres.in/api/users?page=2,56,0,0
1780680698784,57,Get Users,200,OK,Load_Test 1-68,text,true,,3609,177,6,6,https://reqres.in/api/users?page=2,57,0,0
1780680698779,62,Get Users,200,OK,Load_Test 1-67,text,true,,3609,177,6,6,https://reqres.in/api/users?page=2,61,0,0
1780680698789,52,Get Users,200,OK,Load_Test 1-71,text,true,,3609,177,6,6,https://reqres.in/api/users?page=2,52,0,0
1780680698784,57,Get Users,200,OK,Load_Test 1-69,text,true,,3609,177,6,6,https://reqres.in/api/users?page=2,57,0,0
1780680698943,39,Get Users,200,OK,Load_Test 1-70,text,true,,3609,177,5,5,https://reqres.in/api/users?page=2,39,0,0
1780680698943,40,Get Users,200,OK,Load_Test 1-69,text,true,,3609,177,5,5,https://reqres.in/api/users?page=2,40,0,0
1780680698943,44,Get Users,200,OK,Load_Test 1-71,text,true,,3609,177,5,5,https://reqres.in/api/users?page=2,44,0,0
1780680698943,44,Get Users,200,OK,Load_Test 1-68,text,true,,3609,177,5,5,https://reqres.in/api/users?page=2,44,0,0
1780680698875,117,Get Users,200,OK,Load_Test 1-72,text,true,,3609,177,5,5,https://reqres.in/api/users?page=2,117,0,73
1780680699083,55,Get Users,200,OK,Load_Test 1-70,text,true,,3609,177,6,6,https://reqres.in/api/users?page=2,55,0,0
1780680699083,55,Get Users,200,OK,Load_Test 1-69,text,true,,3609,177,6,6,https://reqres.in/api/users?page=2,55,0,0
1780680699094,45,Get Users,200,OK,Load_Test 1-72,text,true,,3609,177,6,6,https://reqres.in/api/users?page=2,45,0,0
1780680699088,51,Get Users,200,OK,Load_Test 1-68,text,true,,3609,177,6,6,https://reqres.in/api/users?page=2,51,0,0
1780680699088,51,Get Users,200,OK,Load_Test 1-71,text,true,,3609,177,6,6,https://reqres.in/api/users?page=2,51,0,0
1780680699238,40,Get Users,200,OK,Load_Test 1-70,text,true,,3609,177,5,5,https://reqres.in/api/users?page=2,40,0,0
1780680699239,39,Get Users,200,OK,Load_Test 1-71,text,true,,3609,177,5,5,https://reqres.in/api/users?page=2,39,0,0
1780680699238,40,Get Users,200,OK,Load_Test 1-69,text,true,,3609,177,5,5,https://reqres.in/api/users?page=2,40,0,0
1780680699239,39,Get Users,200,OK,Load_Test 1-72,text,true,,3609,177,5,5,https://reqres.in/api/users?page=2,39,0,0
1780680699173,119,Get Users,200,OK,Load_Test 1-73,text,true,,3609,177,5,5,https://reqres.in/api/users?page=2,119,0,71
1780680699379,58,Get Users,200,OK,Load_Test 1-70,text,true,,3609,177,6,6,https://reqres.in/api/users?page=2,58,0,0
1780680699379,58,Get Users,200,OK,Load_Test 1-72,text,true,,3609,177,6,6,https://reqres.in/api/users?page=2,58,0,0
1780680699379,59,Get Users,200,OK,Load_Test 1-71,text,true,,3609,177,6,6,https://reqres.in/api/users?page=2,59,0,0
1780680699379,59,Get Users,200,OK,Load_Test 1-69,text,true,,3609,177,6,6,https://reqres.in/api/users?page=2,59,0,0
1780680699394,45,Get Users,200,OK,Load_Test 1-73,text,true,,3609,177,6,6,https://reqres.in/api/users?page=2,45,0,0
1780680699539,55,Get Users,200,OK,Load_Test 1-73,text,true,,3609,177,5,5,https://reqres.in/api/users?page=2,54,0,0
1780680699538,56,Get Users,200,OK,Load_Test 1-70,text,true,,3609,177,5,5,https://reqres.in/api/users?page=2,55,0,0
1780680699538,59,Get Users,200,OK,Load_Test 1-72,text,true,,3609,177,5,5,https://reqres.in/api/users?page=2,59,0,0
1780680699474,125,Get Users,200,OK,Load_Test 1-74,text,true,,3609,177,5,5,https://reqres.in/api/users?page=2,125,0,75
1780680699538,61,Get Users,200,OK,Load_Test 1-71,text,true,,3609,177,5,5,https://reqres.in/api/users?page=2,61,0,0
1780680699694,44,Get Users,200,OK,Load_Test 1-73,text,true,,3609,177,6,6,https://reqres.in/api/users?page=2,44,0,0
1780680699694,44,Get Users,200,OK,Load_Test 1-70,text,true,,3609,177,6,6,https://reqres.in/api/users?page=2,44,0,0
1780680699698,40,Get Users,200,OK,Load_Test 1-72,text,true,,3609,177,6,6,https://reqres.in/api/users?page=2,40,0,0
1780680699700,42,Get Users,200,OK,Load_Test 1-74,text,true,,3609,177,5,5,https://reqres.in/api/users?page=2,42,0,0
1780680699700,43,Get Users,200,OK,Load_Test 1-71,text,true,,3609,177,5,5,https://reqres.in/api/users?page=2,43,0,0
1780680699839,40,Get Users,200,OK,Load_Test 1-73,text,true,,3609,177,5,5,https://reqres.in/api/users?page=2,40,0,0
1780680699845,40,Get Users,200,OK,Load_Test 1-71,text,true,,3609,177,5,5,https://reqres.in/api/users?page=2,40,0,0
1780680699839,46,Get Users,200,OK,Load_Test 1-72,text,true,,3609,177,5,5,https://reqres.in/api/users?page=2,46,0,0
1780680699773,112,Get Users,200,OK,Load_Test 1-75,text,true,,3609,177,5,5,https://reqres.in/api/users?page=2,112,0,73
1780680699843,46,Get Users,200,OK,Load_Test 1-74,text,true,,3609,177,5,5,https://reqres.in/api/users?page=2,44,0,0
1780680699986,38,Get Users,200,OK,Load_Test 1-71,text,true,,3609,177,6,6,https://reqres.in/api/users?page=2,38,0,0
1780680699981,43,Get Users,200,OK,Load_Test 1-73,text,true,,3609,177,6,6,https://reqres.in/api/users?page=2,43,0,0
1780680699986,41,Get Users,200,OK,Load_Test 1-75,text,true,,3609,177,5,5,https://reqres.in/api/users?page=2,41,0,0
1780680699986,41,Get Users,200,OK,Load_Test 1-72,text,true,,3609,177,5,5,https://reqres.in/api/users?page=2,41,0,0
1780680699992,41,Get Users,200,OK,Load_Test 1-74,text,true,,3609,177,5,5,https://reqres.in/api/users?page=2,41,0,0
1780680700126,42,Get Users,200,OK,Load_Test 1-73,text,true,,3609,177,5,5,https://reqres.in/api/users?page=2,42,0,0
1780680700128,40,Get Users,200,OK,Load_Test 1-75,text,true,,3609,177,5,5,https://reqres.in/api/users?page=2,40,0,0
1780680700128,44,Get Users,200,OK,Load_Test 1-72,text,true,,3609,177,5,5,https://reqres.in/api/users?page=2,44,0,0
1780680700134,44,Get Users,200,OK,Load_Test 1-74,text,true,,3609,177,5,5,https://reqres.in/api/users?page=2,44,0,0
1780680700076,122,Get Users,200,OK,Load_Test 1-76,text,true,,3609,177,5,5,https://reqres.in/api/users?page=2,122,0,77
1780680700269,59,Get Users,200,OK,Load_Test 1-75,text,true,,3609,177,6,6,https://reqres.in/api/users?page=2,58,0,0
1780680700269,58,Get Users,200,OK,Load_Test 1-73,text,true,,3609,177,6,6,https://reqres.in/api/users?page=2,58,0,0
1780680700278,50,Get Users,200,OK,Load_Test 1-74,text,true,,3609,177,6,6,https://reqres.in/api/users?page=2,50,0,0
1780680700273,55,Get Users,200,OK,Load_Test 1-72,text,true,,3609,177,6,6,https://reqres.in/api/users?page=2,55,0,0
1780680700299,53,Get Users,200,OK,Load_Test 1-76,text,true,,3609,177,5,5,https://reqres.in/api/users?page=2,53,0,0
1780680700428,51,Get Users,200,OK,Load_Test 1-74,text,true,,3609,177,5,5,https://reqres.in/api/users?page=2,51,0,0
1780680700428,51,Get Users,200,OK,Load_Test 1-73,text,true,,3609,177,5,5,https://reqres.in/api/users?page=2,51,0,0
1780680700428,51,Get Users,200,OK,Load_Test 1-75,text,true,,3609,177,5,5,https://reqres.in/api/users?page=2,51,0,0
1780680700453,49,Get Users,200,OK,Load_Test 1-76,text,true,,3609,177,5,5,https://reqres.in/api/users?page=2,49,0,0
1780680700374,129,Get Users,200,OK,Load_Test 1-77,text,true,,3609,177,5,5,https://reqres.in/api/users?page=2,128,0,70
1780680700579,43,Get Users,200,OK,Load_Test 1-73,text,true,,3609,177,6,6,https://reqres.in/api/users?page=2,43,0,0
1780680700579,44,Get Users,200,OK,Load_Test 1-75,text,true,,3609,177,6,6,https://reqres.in/api/users?page=2,44,0,0
1780680700579,48,Get Users,200,OK,Load_Test 1-74,text,true,,3609,177,5,5,https://reqres.in/api/users?page=2,48,0,0
1780680700605,43,Get Users,200,OK,Load_Test 1-76,text,true,,3609,177,5,5,https://reqres.in/api/users?page=2,43,0,0
1780680700604,45,Get Users,200,OK,Load_Test 1-77,text,true,,3609,177,5,5,https://reqres.in/api/users?page=2,45,0,0
1780680700724,44,Get Users,200,OK,Load_Test 1-75,text,true,,3609,177,5,5,https://reqres.in/api/users?page=2,44,0,0
1780680700728,48,Get Users,200,OK,Load_Test 1-74,text,true,,3609,177,5,5,https://reqres.in/api/users?page=2,48,0,0
1780680700749,51,Get Users,200,OK,Load_Test 1-76,text,true,,3609,177,5,5,https://reqres.in/api/users?page=2,51,0,0
1780680700749,51,Get Users,200,OK,Load_Test 1-77,text,true,,3609,177,5,5,https://reqres.in/api/users?page=2,51,0,0
1780680700675,126,Get Users,200,OK,Load_Test 1-78,text,true,,3609,177,5,5,https://reqres.in/api/users?page=2,126,0,73
1780680700869,54,Get Users,200,OK,Load_Test 1-75,text,true,,3609,177,6,6,https://reqres.in/api/users?page=2,54,0,0
1780680700876,62,Get Users,200,OK,Load_Test 1-74,text,true,,3609,177,6,6,https://reqres.in/api/users?page=2,62,0,0
1780680700900,47,Get Users,200,OK,Load_Test 1-76,text,true,,3609,177,5,5,https://reqres.in/api/users?page=2,47,0,0
1780680700900,48,Get Users,200,OK,Load_Test 1-77,text,true,,3609,177,5,5,https://reqres.in/api/users?page=2,48,0,0
1780680700901,47,Get Users,200,OK,Load_Test 1-78,text,true,,3609,177,5,5,https://reqres.in/api/users?page=2,47,0,0
1780680701024,45,Get Users,200,OK,Load_Test 1-75,text,true,,3609,177,5,5,https://reqres.in/api/users?page=2,45,0,0
1780680701048,45,Get Users,200,OK,Load_Test 1-78,text,true,,3609,177,5,5,https://reqres.in/api/users?page=2,45,0,0
1780680701048,45,Get Users,200,OK,Load_Test 1-76,text,true,,3609,177,5,5,https://reqres.in/api/users?page=2,45,0,0
1780680701048,45,Get Users,200,OK,Load_Test 1-77,text,true,,3609,177,5,5,https://reqres.in/api/users?page=2,45,0,0
1780680700973,121,Get Users,200,OK,Load_Test 1-79,text,true,,3609,177,5,5,https://reqres.in/api/users?page=2,121,0,77
1780680701172,60,Get Users,200,OK,Load_Test 1-75,text,true,,3609,177,6,6,https://reqres.in/api/users?page=2,60,0,0
1780680701194,43,Get Users,200,OK,Load_Test 1-79,text,true,,3609,177,5,5,https://reqres.in/api/users?page=2,43,0,0
1780680701195,42,Get Users,200,OK,Load_Test 1-78,text,true,,3609,177,5,5,https://reqres.in/api/users?page=2,42,0,0
1780680701195,42,Get Users,200,OK,Load_Test 1-76,text,true,,3609,177,5,5,https://reqres.in/api/users?page=2,42,0,0
1780680701195,52,Get Users,200,OK,Load_Test 1-77,text,true,,3609,177,5,5,https://reqres.in/api/users?page=2,52,0,0
1780680701338,51,Get Users,200,OK,Load_Test 1-78,text,true,,3609,177,5,5,https://reqres.in/api/users?page=2,51,0,0
1780680701338,51,Get Users,200,OK,Load_Test 1-76,text,true,,3609,177,5,5,https://reqres.in/api/users?page=2,51,0,0
1780680701338,51,Get Users,200,OK,Load_Test 1-79,text,true,,3609,177,5,5,https://reqres.in/api/users?page=2,51,0,0
1780680701274,115,Get Users,200,OK,Load_Test 1-80,text,true,,3609,177,5,5,https://reqres.in/api/users?page=2,115,0,72
1780680701348,44,Get Users,200,OK,Load_Test 1-77,text,true,,3609,177,5,5,https://reqres.in/api/users?page=2,44,0,0
1780680701490,48,Get Users,200,OK,Load_Test 1-78,text,true,,3609,177,6,6,https://reqres.in/api/users?page=2,48,0,0
1780680701494,44,Get Users,200,OK,Load_Test 1-77,text,true,,3609,177,6,6,https://reqres.in/api/users?page=2,44,0,0
1780680701490,48,Get Users,200,OK,Load_Test 1-80,text,true,,3609,177,6,6,https://reqres.in/api/users?page=2,48,0,0
1780680701490,48,Get Users,200,OK,Load_Test 1-79,text,true,,3609,177,6,6,https://reqres.in/api/users?page=2,48,0,0
1780680701490,48,Get Users,200,OK,Load_Test 1-76,text,true,,3609,177,6,6,https://reqres.in/api/users?page=2,48,0,0
1780680701642,46,Get Users,200,OK,Load_Test 1-78,text,true,,3609,177,5,5,https://reqres.in/api/users?page=2,46,0,0
1780680701642,55,Get Users,200,OK,Load_Test 1-80,text,true,,3609,177,5,5,https://reqres.in/api/users?page=2,55,0,0
1780680701642,55,Get Users,200,OK,Load_Test 1-79,text,true,,3609,177,5,5,https://reqres.in/api/users?page=2,55,0,0
1780680701642,55,Get Users,200,OK,Load_Test 1-77,text,true,,3609,177,5,5,https://reqres.in/api/users?page=2,55,0,0
1780680701574,130,Get Users,200,OK,Load_Test 1-81,text,true,,3609,177,5,5,https://reqres.in/api/users?page=2,130,0,79
1780680701789,48,Get Users,200,OK,Load_Test 1-78,text,true,,3609,177,6,6,https://reqres.in/api/users?page=2,48,0,0
1780680701804,38,Get Users,200,OK,Load_Test 1-79,text,true,,3609,177,6,6,https://reqres.in/api/users?page=2,38,0,0
1780680701805,38,Get Users,200,OK,Load_Test 1-81,text,true,,3609,177,6,6,https://reqres.in/api/users?page=2,38,0,0
1780680701804,39,Get Users,200,OK,Load_Test 1-80,text,true,,3609,177,6,6,https://reqres.in/api/users?page=2,39,0,0
1780680701806,37,Get Users,200,OK,Load_Test 1-77,text,true,,3609,177,6,6,https://reqres.in/api/users?page=2,37,0,0
1780680701939,43,Get Users,200,OK,Load_Test 1-78,text,true,,3609,177,5,5,https://reqres.in/api/users?page=2,43,0,0
1780680701944,53,Get Users,200,OK,Load_Test 1-80,text,true,,3609,177,5,5,https://reqres.in/api/users?page=2,53,0,0
1780680701943,54,Get Users,200,OK,Load_Test 1-79,text,true,,3609,177,5,5,https://reqres.in/api/users?page=2,54,0,0
1780680701944,53,Get Users,200,OK,Load_Test 1-81,text,true,,3609,177,5,5,https://reqres.in/api/users?page=2,53,0,0
1780680701874,123,Get Users,200,OK,Load_Test 1-82,text,true,,3609,177,5,5,https://reqres.in/api/users?page=2,123,0,69
1780680702083,50,Get Users,200,OK,Load_Test 1-78,text,true,,3609,177,6,6,https://reqres.in/api/users?page=2,50,0,0
1780680702097,42,Get Users,200,OK,Load_Test 1-80,text,true,,3609,177,5,5,https://reqres.in/api/users?page=2,42,0,0
1780680702097,42,Get Users,200,OK,Load_Test 1-79,text,true,,3609,177,5,5,https://reqres.in/api/users?page=2,42,0,0
1780680702098,41,Get Users,200,OK,Load_Test 1-81,text,true,,3609,177,5,5,https://reqres.in/api/users?page=2,41,0,0
1780680702098,41,Get Users,200,OK,Load_Test 1-82,text,true,,3609,177,5,5,https://reqres.in/api/users?page=2,41,0,0
1780680702241,46,Get Users,200,OK,Load_Test 1-79,text,true,,3609,177,5,5,https://reqres.in/api/users?page=2,46,0,0
1780680702240,47,Get Users,200,OK,Load_Test 1-81,text,true,,3609,177,5,5,https://reqres.in/api/users?page=2,47,0,0
1780680702240,47,Get Users,200,OK,Load_Test 1-82,text,true,,3609,177,5,5,https://reqres.in/api/users?page=2,47,0,0
1780680702241,46,Get Users,200,OK,Load_Test 1-80,text,true,,3609,177,5,5,https://reqres.in/api/users?page=2,46,0,0
1780680702174,149,Get Users,200,OK,Load_Test 1-83,text,true,,3609,177,5,5,https://reqres.in/api/users?page=2,149,0,95
1780680702389,52,Get Users,200,OK,Load_Test 1-81,text,true,,3609,177,6,6,https://reqres.in/api/users?page=2,51,0,0
1780680702389,52,Get Users,200,OK,Load_Test 1-82,text,true,,3609,177,6,6,https://reqres.in/api/users?page=2,52,0,0
1780680702389,52,Get Users,200,OK,Load_Test 1-80,text,true,,3609,177,6,6,https://reqres.in/api/users?page=2,52,0,0
1780680702389,52,Get Users,200,OK,Load_Test 1-79,text,true,,3609,177,6,6,https://reqres.in/api/users?page=2,52,0,0
1780680702425,47,Get Users,200,OK,Load_Test 1-83,text,true,,3609,177,5,5,https://reqres.in/api/users?page=2,47,0,0
1780680702542,51,Get Users,200,OK,Load_Test 1-80,text,true,,3609,177,5,5,https://reqres.in/api/users?page=2,51,0,0
1780680702542,51,Get Users,200,OK,Load_Test 1-81,text,true,,3609,177,5,5,https://reqres.in/api/users?page=2,51,0,0
1780680702542,51,Get Users,200,OK,Load_Test 1-82,text,true,,3609,177,5,5,https://reqres.in/api/users?page=2,51,0,0
1780680702477,120,Get Users,200,OK,Load_Test 1-84,text,true,,3609,177,5,5,https://reqres.in/api/users?page=2,120,0,82
1780680702573,44,Get Users,200,OK,Load_Test 1-83,text,true,,3609,177,5,5,https://reqres.in/api/users?page=2,44,0,0
1780680702695,49,Get Users,200,OK,Load_Test 1-82,text,true,,3609,177,6,6,https://reqres.in/api/users?page=2,49,0,0
1780680702696,52,Get Users,200,OK,Load_Test 1-80,text,true,,3609,177,6,6,https://reqres.in/api/users?page=2,52,0,0
1780680702696,52,Get Users,200,OK,Load_Test 1-81,text,true,,3609,177,6,6,https://reqres.in/api/users?page=2,52,0,0
1780680702699,50,Get Users,200,OK,Load_Test 1-84,text,true,,3609,177,6,6,https://reqres.in/api/users?page=2,50,0,0
1780680702719,44,Get Users,200,OK,Load_Test 1-83,text,true,,3609,177,5,5,https://reqres.in/api/users?page=2,44,0,0
1780680702850,48,Get Users,200,OK,Load_Test 1-81,text,true,,3609,177,5,5,https://reqres.in/api/users?page=2,48,0,0
1780680702846,52,Get Users,200,OK,Load_Test 1-82,text,true,,3609,177,5,5,https://reqres.in/api/users?page=2,52,0,0
1780680702850,49,Get Users,200,OK,Load_Test 1-84,text,true,,3609,177,5,5,https://reqres.in/api/users?page=2,49,0,0
1780680702868,63,Get Users,200,OK,Load_Test 1-83,text,true,,3609,177,5,5,https://reqres.in/api/users?page=2,63,0,0
1780680702775,160,Get Users,200,OK,Load_Test 1-85,text,true,,3609,177,5,5,https://reqres.in/api/users?page=2,160,0,107
1780680702998,45,Get Users,200,OK,Load_Test 1-81,text,true,,3609,177,6,6,https://reqres.in/api/users?page=2,45,0,0
1780680702998,46,Get Users,200,OK,Load_Test 1-82,text,true,,3609,177,5,5,https://reqres.in/api/users?page=2,46,0,0
1780680703000,44,Get Users,200,OK,Load_Test 1-84,text,true,,3609,177,5,5,https://reqres.in/api/users?page=2,44,0,0
1780680703032,41,Get Users,200,OK,Load_Test 1-83,text,true,,3609,177,5,5,https://reqres.in/api/users?page=2,41,0,0
1780680703037,41,Get Users,200,OK,Load_Test 1-85,text,true,,3609,177,5,5,https://reqres.in/api/users?page=2,41,0,0
1780680703145,51,Get Users,200,OK,Load_Test 1-82,text,true,,3609,177,5,5,https://reqres.in/api/users?page=2,51,0,0
1780680703145,52,Get Users,200,OK,Load_Test 1-84,text,true,,3609,177,5,5,https://reqres.in/api/users?page=2,52,0,0
1780680703074,125,Get Users,200,OK,Load_Test 1-86,text,true,,3609,177,5,5,https://reqres.in/api/users?page=2,125,0,70
1780680703174,41,Get Users,200,OK,Load_Test 1-83,text,true,,3609,177,5,5,https://reqres.in/api/users?page=2,41,0,0
1780680703179,44,Get Users,200,OK,Load_Test 1-85,text,true,,3609,177,5,5,https://reqres.in/api/users?page=2,44,0,0
1780680703298,55,Get Users,200,OK,Load_Test 1-82,text,true,,3609,177,6,6,https://reqres.in/api/users?page=2,55,0,0
1780680703316,37,Get Users,200,OK,Load_Test 1-83,text,true,,3609,177,6,6,https://reqres.in/api/users?page=2,37,0,0
1780680703298,56,Get Users,200,OK,Load_Test 1-84,text,true,,3609,177,6,6,https://reqres.in/api/users?page=2,56,0,0
1780680703300,54,Get Users,200,OK,Load_Test 1-86,text,true,,3609,177,5,5,https://reqres.in/api/users?page=2,54,0,0
1780680703324,50,Get Users,200,OK,Load_Test 1-85,text,true,,3609,177,5,5,https://reqres.in/api/users?page=2,49,0,0
1780680703374,116,Get Users,200,OK,Load_Test 1-87,text,true,,3609,177,5,5,https://reqres.in/api/users?page=2,116,0,70
1780680703456,54,Get Users,200,OK,Load_Test 1-84,text,true,,3609,177,5,5,https://reqres.in/api/users?page=2,54,0,0
1780680703456,54,Get Users,200,OK,Load_Test 1-83,text,true,,3609,177,5,5,https://reqres.in/api/users?page=2,54,0,0
1780680703456,54,Get Users,200,OK,Load_Test 1-86,text,true,,3609,177,5,5,https://reqres.in/api/users?page=2,54,0,0
1780680703474,39,Get Users,200,OK,Load_Test 1-85,text,true,,3609,177,5,5,https://reqres.in/api/users?page=2,39,0,0
1780680703591,43,Get Users,200,OK,Load_Test 1-87,text,true,,3609,177,6,6,https://reqres.in/api/users?page=2,43,0,0
1780680703612,47,Get Users,200,OK,Load_Test 1-84,text,true,,3609,177,6,6,https://reqres.in/api/users?page=2,47,0,0
1780680703612,47,Get Users,200,OK,Load_Test 1-83,text,true,,3609,177,6,6,https://reqres.in/api/users?page=2,47,0,0
1780680703612,48,Get Users,200,OK,Load_Test 1-86,text,true,,3609,177,6,6,https://reqres.in/api/users?page=2,48,0,0
1780680703615,48,Get Users,200,OK,Load_Test 1-85,text,true,,3609,177,5,5,https://reqres.in/api/users?page=2,48,0,0
1780680703735,44,Get Users,200,OK,Load_Test 1-87,text,true,,3609,177,5,5,https://reqres.in/api/users?page=2,44,0,0
1780680703674,119,Get Users,200,OK,Load_Test 1-88,text,true,,3609,177,5,5,https://reqres.in/api/users?page=2,119,0,78
1780680703760,39,Get Users,200,OK,Load_Test 1-84,text,true,,3609,177,5,5,https://reqres.in/api/users?page=2,39,0,0
1780680703760,39,Get Users,200,OK,Load_Test 1-86,text,true,,3609,177,5,5,https://reqres.in/api/users?page=2,39,0,0
1780680703765,48,Get Users,200,OK,Load_Test 1-85,text,true,,3609,177,5,5,https://reqres.in/api/users?page=2,48,0,0
1780680703880,53,Get Users,200,OK,Load_Test 1-87,text,true,,3609,177,6,6,https://reqres.in/api/users?page=2,53,0,0
1780680703900,38,Get Users,200,OK,Load_Test 1-84,text,true,,3609,177,6,6,https://reqres.in/api/users?page=2,38,0,0
1780680703896,43,Get Users,200,OK,Load_Test 1-88,text,true,,3609,177,5,5,https://reqres.in/api/users?page=2,42,0,0
1780680703900,39,Get Users,200,OK,Load_Test 1-86,text,true,,3609,177,5,5,https://reqres.in/api/users?page=2,39,0,0
1780680703914,44,Get Users,200,OK,Load_Test 1-85,text,true,,3609,177,5,5,https://reqres.in/api/users?page=2,44,0,0
1780680704040,38,Get Users,200,OK,Load_Test 1-86,text,true,,3609,177,5,5,https://reqres.in/api/users?page=2,38,0,0
1780680704040,38,Get Users,200,OK,Load_Test 1-88,text,true,,3609,177,5,5,https://reqres.in/api/users?page=2,38,0,0
1780680704035,48,Get Users,200,OK,Load_Test 1-87,text,true,,3609,177,5,5,https://reqres.in/api/users?page=2,48,0,0
1780680704059,60,Get Users,200,OK,Load_Test 1-85,text,true,,3609,177,5,5,https://reqres.in/api/users?page=2,60,0,0
1780680703974,154,Get Users,200,OK,Load_Test 1-89,text,true,,3609,177,5,5,https://reqres.in/api/users?page=2,154,0,100
1780680704179,46,Get Users,200,OK,Load_Test 1-88,text,true,,3609,177,6,6,https://reqres.in/api/users?page=2,46,0,0
1780680704179,46,Get Users,200,OK,Load_Test 1-86,text,true,,3609,177,6,6,https://reqres.in/api/users?page=2,46,0,0
1780680704183,46,Get Users,200,OK,Load_Test 1-87,text,true,,3609,177,6,6,https://reqres.in/api/users?page=2,46,0,0
1780680704228,41,Get Users,200,OK,Load_Test 1-89,text,true,,3609,177,6,6,https://reqres.in/api/users?page=2,41,0,0
1780680704220,50,Get Users,200,OK,Load_Test 1-85,text,true,,3609,177,6,6,https://reqres.in/api/users?page=2,50,0,0
1780680704326,43,Get Users,200,OK,Load_Test 1-88,text,true,,3609,177,5,5,https://reqres.in/api/users?page=2,43,0,0
1780680704326,47,Get Users,200,OK,Load_Test 1-86,text,true,,3609,177,5,5,https://reqres.in/api/users?page=2,47,0,0
1780680704330,43,Get Users,200,OK,Load_Test 1-87,text,true,,3609,177,5,5,https://reqres.in/api/users?page=2,43,0,0
1780680704281,129,Get Users,200,OK,Load_Test 1-90,text,true,,3609,177,5,5,https://reqres.in/api/users?page=2,129,0,76
1780680704370,40,Get Users,200,OK,Load_Test 1-89,text,true,,3609,177,5,5,https://reqres.in/api/users?page=2,40,0,0
1780680704469,49,Get Users,200,OK,Load_Test 1-88,text,true,,3609,177,6,6,https://reqres.in/api/users?page=2,49,0,0
1780680704474,45,Get Users,200,OK,Load_Test 1-86,text,true,,3609,177,6,6,https://reqres.in/api/users?page=2,45,0,0
1780680704474,49,Get Users,200,OK,Load_Test 1-87,text,true,,3609,177,5,5,https://reqres.in/api/users?page=2,49,0,0
1780680704512,54,Get Users,200,OK,Load_Test 1-90,text,true,,3609,177,5,5,https://reqres.in/api/users?page=2,50,0,0
1780680704512,54,Get Users,200,OK,Load_Test 1-89,text,true,,3609,177,5,5,https://reqres.in/api/users?page=2,54,0,0
1780680704624,50,Get Users,200,OK,Load_Test 1-87,text,true,,3609,177,5,5,https://reqres.in/api/users?page=2,50,0,0
1780680704619,55,Get Users,200,OK,Load_Test 1-88,text,true,,3609,177,5,5,https://reqres.in/api/users?page=2,55,0,0
1780680704668,48,Get Users,200,OK,Load_Test 1-90,text,true,,3609,177,5,5,https://reqres.in/api/users?page=2,48,0,0
1780680704668,50,Get Users,200,OK,Load_Test 1-89,text,true,,3609,177,5,5,https://reqres.in/api/users?page=2,50,0,0
1780680704577,147,Get Users,200,OK,Load_Test 1-91,text,true,,3609,177,5,5,https://reqres.in/api/users?page=2,147,0,95
1780680704775,44,Get Users,200,OK,Load_Test 1-88,text,true,,3609,177,6,6,https://reqres.in/api/users?page=2,44,0,0
1780680704775,45,Get Users,200,OK,Load_Test 1-87,text,true,,3609,177,6,6,https://reqres.in/api/users?page=2,45,0,0
1780680704817,47,Get Users,200,OK,Load_Test 1-90,text,true,,3609,177,5,5,https://reqres.in/api/users?page=2,46,0,0
1780680704819,45,Get Users,200,OK,Load_Test 1-89,text,true,,3609,177,5,5,https://reqres.in/api/users?page=2,45,0,0
1780680704825,58,Get Users,200,OK,Load_Test 1-91,text,true,,3609,177,5,5,https://reqres.in/api/users?page=2,58,0,0
1780680704921,37,Get Users,200,OK,Load_Test 1-88,text,true,,3609,177,5,5,https://reqres.in/api/users?page=2,37,0,0
1780680704874,124,Get Users,200,OK,Load_Test 1-92,text,true,,3609,177,5,5,https://reqres.in/api/users?page=2,124,0,77
1780680704965,43,Get Users,200,OK,Load_Test 1-90,text,true,,3609,177,5,5,https://reqres.in/api/users?page=2,43,0,0
1780680704965,43,Get Users,200,OK,Load_Test 1-89,text,true,,3609,177,5,5,https://reqres.in/api/users?page=2,43,0,0
1780680704984,54,Get Users,200,OK,Load_Test 1-91,text,true,,3609,177,5,5,https://reqres.in/api/users?page=2,54,0,0
1780680705059,45,Get Users,200,OK,Load_Test 1-88,text,true,,3609,177,6,6,https://reqres.in/api/users?page=2,45,0,0
1780680705100,45,Get Users,200,OK,Load_Test 1-92,text,true,,3609,177,5,5,https://reqres.in/api/users?page=2,45,0,0
1780680705109,44,Get Users,200,OK,Load_Test 1-90,text,true,,3609,177,5,5,https://reqres.in/api/users?page=2,44,0,0
1780680705109,44,Get Users,200,OK,Load_Test 1-89,text,true,,3609,177,5,5,https://reqres.in/api/users?page=2,44,0,0
1780680705140,61,Get Users,200,OK,Load_Test 1-91,text,true,,3609,177,5,5,https://reqres.in/api/users?page=2,61,0,0
1780680705256,43,Get Users,200,OK,Load_Test 1-90,text,true,,3609,177,5,5,https://reqres.in/api/users?page=2,43,0,0
1780680705256,43,Get Users,200,OK,Load_Test 1-89,text,true,,3609,177,5,5,https://reqres.in/api/users?page=2,43,0,0
1780680705248,68,Get Users,200,OK,Load_Test 1-92,text,true,,3609,177,5,5,https://reqres.in/api/users?page=2,68,0,0
1780680705175,150,Get Users,200,OK,Load_Test 1-93,text,true,,3609,177,5,5,https://reqres.in/api/users?page=2,150,0,92
1780680705307,45,Get Users,200,OK,Load_Test 1-91,text,true,,3609,177,5,5,https://reqres.in/api/users?page=2,45,0,0
1780680705400,45,Get Users,200,OK,Load_Test 1-90,text,true,,3609,177,6,6,https://reqres.in/api/users?page=2,45,0,0
1780680705400,46,Get Users,200,OK,Load_Test 1-89,text,true,,3609,177,6,6,https://reqres.in/api/users?page=2,46,0,0
1780680705417,52,Get Users,200,OK,Load_Test 1-92,text,true,,3609,177,5,5,https://reqres.in/api/users?page=2,52,0,0
1780680705425,49,Get Users,200,OK,Load_Test 1-93,text,true,,3609,177,5,5,https://reqres.in/api/users?page=2,48,0,0
1780680705453,65,Get Users,200,OK,Load_Test 1-91,text,true,,3609,177,5,5,https://reqres.in/api/users?page=2,65,0,0
1780680705546,37,Get Users,200,OK,Load_Test 1-90,text,true,,3609,177,5,5,https://reqres.in/api/users?page=2,37,0,0
1780680705474,135,Get Users,200,OK,Load_Test 1-94,text,true,,3609,177,5,5,https://reqres.in/api/users?page=2,135,0,81
1780680705570,39,Get Users,200,OK,Load_Test 1-92,text,true,,3609,177,5,5,https://reqres.in/api/users?page=2,39,0,0
1780680705575,53,Get Users,200,OK,Load_Test 1-93,text,true,,3609,177,5,5,https://reqres.in/api/users?page=2,53,0,0
1780680705619,51,Get Users,200,OK,Load_Test 1-91,text,true,,3609,177,5,5,https://reqres.in/api/users?page=2,51,0,0
1780680705684,46,Get Users,200,OK,Load_Test 1-90,text,true,,3609,177,6,6,https://reqres.in/api/users?page=2,46,0,0
1780680705710,44,Get Users,200,OK,Load_Test 1-92,text,true,,3609,177,5,5,https://reqres.in/api/users?page=2,44,0,0
1780680705710,50,Get Users,200,OK,Load_Test 1-94,text,true,,3609,177,5,5,https://reqres.in/api/users?page=2,50,0,0
1780680705731,50,Get Users,200,OK,Load_Test 1-93,text,true,,3609,177,5,5,https://reqres.in/api/users?page=2,50,0,0
1780680705771,52,Get Users,200,OK,Load_Test 1-91,text,true,,3609,177,5,5,https://reqres.in/api/users?page=2,52,0,0
1780680705856,43,Get Users,200,OK,Load_Test 1-92,text,true,,3609,177,5,5,https://reqres.in/api/users?page=2,43,0,0
1780680705861,42,Get Users,200,OK,Load_Test 1-94,text,true,,3609,177,5,5,https://reqres.in/api/users?page=2,42,0,0
1780680705780,143,Get Users,200,OK,Load_Test 1-95,text,true,,3609,177,5,5,https://reqres.in/api/users?page=2,143,0,96
1780680705883,55,Get Users,200,OK,Load_Test 1-93,text,true,,3609,177,5,5,https://reqres.in/api/users?page=2,55,0,0
1780680705924,54,Get Users,200,OK,Load_Test 1-91,text,true,,3609,177,6,6,https://reqres.in/api/users?page=2,54,0,0
1780680706004,40,Get Users,200,OK,Load_Test 1-94,text,true,,3609,177,6,6,https://reqres.in/api/users?page=2,40,0,0
1780680706001,43,Get Users,200,OK,Load_Test 1-92,text,true,,3609,177,6,6,https://reqres.in/api/users?page=2,43,0,0
1780680706024,49,Get Users,200,OK,Load_Test 1-95,text,true,,3609,177,6,6,https://reqres.in/api/users?page=2,49,0,0
1780680706039,60,Get Users,200,OK,Load_Test 1-93,text,true,,3609,177,6,6,https://reqres.in/api/users?page=2,60,0,0
1780680706079,50,Get Users,200,OK,Load_Test 1-91,text,true,,3609,177,6,6,https://reqres.in/api/users?page=2,50,0,0
1780680706145,46,Get Users,200,OK,Load_Test 1-94,text,true,,3609,177,5,5,https://reqres.in/api/users?page=2,46,0,0
1780680706145,49,Get Users,200,OK,Load_Test 1-92,text,true,,3609,177,5,5,https://reqres.in/api/users?page=2,49,0,0
1780680706076,133,Get Users,200,OK,Load_Test 1-96,text,true,,3609,177,5,5,https://reqres.in/api/users?page=2,133,0,81
1780680706175,44,Get Users,200,OK,Load_Test 1-95,text,true,,3609,177,5,5,https://reqres.in/api/users?page=2,44,0,0
1780680706201,43,Get Users,200,OK,Load_Test 1-93,text,true,,3609,177,5,5,https://reqres.in/api/users?page=2,43,0,0
1780680706291,42,Get Users,200,OK,Load_Test 1-94,text,true,,3609,177,6,6,https://reqres.in/api/users?page=2,42,0,0
1780680706294,54,Get Users,200,OK,Load_Test 1-92,text,true,,3609,177,6,6,https://reqres.in/api/users?page=2,54,0,0
1780680706310,58,Get Users,200,OK,Load_Test 1-96,text,true,,3609,177,5,5,https://reqres.in/api/users?page=2,58,0,0
1780680706319,51,Get Users,200,OK,Load_Test 1-95,text,true,,3609,177,5,5,https://reqres.in/api/users?page=2,51,0,0
1780680706344,45,Get Users,200,OK,Load_Test 1-93,text,true,,3609,177,5,5,https://reqres.in/api/users?page=2,45,0,0
1780680706437,57,Get Users,200,OK,Load_Test 1-94,text,true,,3609,177,5,5,https://reqres.in/api/users?page=2,57,0,0
1780680706376,120,Get Users,200,OK,Load_Test 1-97,text,true,,3609,177,5,5,https://reqres.in/api/users?page=2,120,0,80
1780680706470,54,Get Users,200,OK,Load_Test 1-96,text,true,,3609,177,5,5,https://reqres.in/api/users?page=2,54,0,0
1780680706471,54,Get Users,200,OK,Load_Test 1-95,text,true,,3609,177,5,5,https://reqres.in/api/users?page=2,54,0,0
1780680706491,53,Get Users,200,OK,Load_Test 1-93,text,true,,3609,177,5,5,https://reqres.in/api/users?page=2,53,0,0
1780680706596,52,Get Users,200,OK,Load_Test 1-97,text,true,,3609,177,6,6,https://reqres.in/api/users?page=2,52,0,0
1780680706595,53,Get Users,200,OK,Load_Test 1-94,text,true,,3609,177,6,6,https://reqres.in/api/users?page=2,53,0,0
1780680706627,42,Get Users,200,OK,Load_Test 1-95,text,true,,3609,177,6,6,https://reqres.in/api/users?page=2,42,0,0
1780680706626,43,Get Users,200,OK,Load_Test 1-96,text,true,,3609,177,6,6,https://reqres.in/api/users?page=2,43,0,0
1780680706644,52,Get Users,200,OK,Load_Test 1-93,text,true,,3609,177,6,6,https://reqres.in/api/users?page=2,52,0,0
1780680706749,45,Get Users,200,OK,Load_Test 1-97,text,true,,3609,177,5,5,https://reqres.in/api/users?page=2,44,0,0
1780680706749,45,Get Users,200,OK,Load_Test 1-94,text,true,,3609,177,5,5,https://reqres.in/api/users?page=2,45,0,0
1780680706674,124,Get Users,200,OK,Load_Test 1-98,text,true,,3609,177,5,5,https://reqres.in/api/users?page=2,124,0,80
1780680706770,43,Get Users,200,OK,Load_Test 1-96,text,true,,3609,177,5,5,https://reqres.in/api/users?page=2,43,0,0
1780680706770,43,Get Users,200,OK,Load_Test 1-95,text,true,,3609,177,5,5,https://reqres.in/api/users?page=2,43,0,0
1780680706899,50,Get Users,200,OK,Load_Test 1-98,text,true,,3609,177,6,6,https://reqres.in/api/users?page=2,50,0,0
1780680706895,55,Get Users,200,OK,Load_Test 1-97,text,true,,3609,177,6,6,https://reqres.in/api/users?page=2,55,0,0
1780680706895,55,Get Users,200,OK,Load_Test 1-94,text,true,,3609,177,6,6,https://reqres.in/api/users?page=2,55,0,0
1780680706914,44,Get Users,200,OK,Load_Test 1-96,text,true,,3609,177,5,5,https://reqres.in/api/users?page=2,44,0,0
1780680706915,43,Get Users,200,OK,Load_Test 1-95,text,true,,3609,177,5,5,https://reqres.in/api/users?page=2,43,0,0
1780680706976,112,Get Users,200,OK,Load_Test 1-99,text,true,,3609,177,5,5,https://reqres.in/api/users?page=2,112,0,71
1780680707050,45,Get Users,200,OK,Load_Test 1-97,text,true,,3609,177,5,5,https://reqres.in/api/users?page=2,45,0,0
1780680707054,41,Get Users,200,OK,Load_Test 1-98,text,true,,3609,177,5,5,https://reqres.in/api/users?page=2,41,0,0
1780680707059,39,Get Users,200,OK,Load_Test 1-96,text,true,,3609,177,5,5,https://reqres.in/api/users?page=2,39,0,0
1780680707059,44,Get Users,200,OK,Load_Test 1-95,text,true,,3609,177,5,5,https://reqres.in/api/users?page=2,44,0,0
1780680707189,44,Get Users,200,OK,Load_Test 1-99,text,true,,3609,177,6,6,https://reqres.in/api/users?page=2,44,0,0
1780680707197,37,Get Users,200,OK,Load_Test 1-97,text,true,,3609,177,6,6,https://reqres.in/api/users?page=2,37,0,0
1780680707196,42,Get Users,200,OK,Load_Test 1-98,text,true,,3609,177,6,6,https://reqres.in/api/users?page=2,42,0,0
1780680707200,38,Get Users,200,OK,Load_Test 1-96,text,true,,3609,177,6,6,https://reqres.in/api/users?page=2,38,0,0
1780680707203,40,Get Users,200,OK,Load_Test 1-95,text,true,,3609,177,6,6,https://reqres.in/api/users?page=2,40,0,0
1780680707334,50,Get Users,200,OK,Load_Test 1-99,text,true,,3609,177,5,5,https://reqres.in/api/users?page=2,50,0,0
1780680707339,45,Get Users,200,OK,Load_Test 1-98,text,true,,3609,177,5,5,https://reqres.in/api/users?page=2,45,0,0
1780680707334,50,Get Users,200,OK,Load_Test 1-97,text,true,,3609,177,5,5,https://reqres.in/api/users?page=2,50,0,0
1780680707339,45,Get Users,200,OK,Load_Test 1-96,text,true,,3609,177,5,5,https://reqres.in/api/users?page=2,45,0,0
1780680707276,227,Get Users,200,OK,Load_Test 1-100,text,true,,3609,177,5,5,https://reqres.in/api/users?page=2,227,0,164
1780680707485,45,Get Users,200,OK,Load_Test 1-99,text,true,,3609,177,5,5,https://reqres.in/api/users?page=2,45,0,0
1780680707485,45,Get Users,200,OK,Load_Test 1-97,text,true,,3609,177,5,5,https://reqres.in/api/users?page=2,45,0,0
1780680707485,45,Get Users,200,OK,Load_Test 1-98,text,true,,3609,177,5,5,https://reqres.in/api/users?page=2,45,0,0
1780680707485,45,Get Users,200,OK,Load_Test 1-96,text,true,,3609,177,5,5,https://reqres.in/api/users?page=2,45,0,0
1780680707604,44,Get Users,200,OK,Load_Test 1-100,text,true,,3609,177,4,4,https://reqres.in/api/users?page=2,44,0,0
1780680707630,48,Get Users,200,OK,Load_Test 1-99,text,true,,3609,177,4,4,https://reqres.in/api/users?page=2,48,0,0
1780680707630,53,Get Users,200,OK,Load_Test 1-97,text,true,,3609,177,4,4,https://reqres.in/api/users?page=2,53,0,0
1780680707630,53,Get Users,200,OK,Load_Test 1-98,text,true,,3609,177,4,4,https://reqres.in/api/users?page=2,53,0,0
1780680707749,44,Get Users,200,OK,Load_Test 1-100,text,true,,3609,177,4,4,https://reqres.in/api/users?page=2,43,0,0
1780680707780,48,Get Users,200,OK,Load_Test 1-99,text,true,,3609,177,4,4,https://reqres.in/api/users?page=2,48,0,0
1780680707786,43,Get Users,200,OK,Load_Test 1-97,text,true,,3609,177,4,4,https://reqres.in/api/users?page=2,43,0,0
1780680707786,43,Get Users,200,OK,Load_Test 1-98,text,true,,3609,177,4,4,https://reqres.in/api/users?page=2,43,0,0
1780680707893,52,Get Users,200,OK,Load_Test 1-100,text,true,,3609,177,3,3,https://reqres.in/api/users?page=2,52,0,0
1780680707929,44,Get Users,200,OK,Load_Test 1-99,text,true,,3609,177,3,3,https://reqres.in/api/users?page=2,44,0,0
1780680707929,45,Get Users,200,OK,Load_Test 1-98,text,true,,3609,177,3,3,https://reqres.in/api/users?page=2,45,0,0
1780680708046,52,Get Users,200,OK,Load_Test 1-100,text,true,,3609,177,3,3,https://reqres.in/api/users?page=2,52,0,0
1780680708075,45,Get Users,200,OK,Load_Test 1-99,text,true,,3609,177,3,3,https://reqres.in/api/users?page=2,45,0,0
1780680708076,44,Get Users,200,OK,Load_Test 1-98,text,true,,3609,177,3,3,https://reqres.in/api/users?page=2,44,0,0
1780680708199,45,Get Users,200,OK,Load_Test 1-100,text,true,,3609,177,2,2,https://reqres.in/api/users?page=2,44,0,0
1780680708221,57,Get Users,200,OK,Load_Test 1-99,text,true,,3609,177,2,2,https://reqres.in/api/users?page=2,57,0,0
1780680708345,59,Get Users,200,OK,Load_Test 1-100,text,true,,3609,177,2,2,https://reqres.in/api/users?page=2,59,0,0
1780680708379,45,Get Users,200,OK,Load_Test 1-99,text,true,,3609,177,2,2,https://reqres.in/api/users?page=2,45,0,0
1780680708504,50,Get Users,200,OK,Load_Test 1-100,text,true,,3609,177,1,1,https://reqres.in/api/users?page=2,50,0,0
1780680708654,54,Get Users,200,OK,Load_Test 1-100,text,true,,3609,177,1,1,https://reqres.in/api/users?page=2,54,0,0
1780680708812,46,Get Users,200,OK,Load_Test 1-100,text,true,,3609,177,1,1,https://reqres.in/api/users?page=2,46,0,0
